job_id,title,company,url,first_seen,last_seen,active,Location,Salary,Language Requirements,Suitable for,Programming Languages,Required Software / Tools,Work Arrangement,Job Type,Experience Level,Master,Bachelor
5162943,Account Manager,"NATEK SLOVAKIA, s.r.o.",https://www.profesia.sk/praca/natek-slovakia/O5162943?search_id=6c3db9db-52cd-4826-a3d0-47dce197be12,2025-11-04,2025-12-17,False,Bratislava,2000 EUR gross/month,English: C1,Bachelor,,,Hybrid,Full-time,5+ years,,
5186473,ServiceNow Consultant,"Talent Solutions, s.r.o.",https://www.profesia.sk/praca/talent-solutions/O5186473?search_id=6c3db9db-52cd-4826-a3d0-47dce197be12,2025-11-04,2025-11-24,False,Bratislava,2600 EUR gross/month,English: B2,"Bachelor, Master","JavaScript, HTML, CSS, REST, JSON, SQL",ServiceNow,Hybrid,Full-time,1.5-2 years,,
5178343,Architect / Senior SAP CO Consultant,saiworx s.r.o.,https://www.profesia.sk/praca/saiworx/O5178343?search_id=6c3db9db-52cd-4826-a3d0-47dce197be12,2025-11-04,2025-11-18,False,Bratislava,6500 EUR gross/month,"English: B2, German: B2","Bachelor, Master, PhD",,"SAP S/4HANA, ECC, SD, MM, PP, FI, CO, Microsoft Office 365",Hybrid,Full-time,7 years,,
5186461,Aplikačný Špecialista Java/Cloud (Openshift & AWS),"Talent Solutions, s.r.o.",https://www.profesia.sk/praca/talent-solutions/O5186461?search_id=6c3db9db-52cd-4826-a3d0-47dce197be12,2025-11-04,2025-11-24,False,Bratislava,2700 EUR gross/month,English: B2,"Bachelor, Master, PhD",Java,"OpenShift, AWS",Hybrid,Full-time,,,
5122967,"Konzultant IS QI - pre obchod, odbyt, sklady, logistika","JR Group, s. r. o.",https://www.profesia.sk/praca/jr-group/O5122967?search_id=6c3db9db-52cd-4826-a3d0-47dce197be12,2025-11-04,2025-11-18,False,Žilina,1450 EUR gross/month,English: A2,Post-secondary / Higher Vocational,,"ERP systém QI, Microsoft Power BI",Hybrid,Full-time,3 years,,
5186456,Agentic AI Developer,PwC,https://www.profesia.sk/praca/pwc/O5186456?search_id=6c3db9db-52cd-4826-a3d0-47dce197be12,2025-11-04,2025-11-24,False,Bratislava,2000 EUR gross/month,,"Bachelor, Master",,,Hybrid,Full-time,3-5 years,,
5186455,Technický konzultant železničných systémov,"Talent Solutions, s.r.o.",https://www.profesia.sk/praca/talent-solutions/O5186455?search_id=6c3db9db-52cd-4826-a3d0-47dce197be12,2025-11-04,2025-11-24,False,Bratislava,2000 EUR gross/month,English: B2,"Bachelor, Master",,,Home-Office,Full-time,,,
5186453,ESM ServiceNow Administrator,Swiss Re,https://www.profesia.sk/praca/swiss-re/O5186453?search_id=6c3db9db-52cd-4826-a3d0-47dce197be12,2025-11-04,2026-01-06,False,Bratislava,2700 - 4500 EUR gross/month,English: B2,High School with Diploma,,,Hybrid,Full-time,5+ years,,
5186449,System Engineer (Automations / Firewall),PwC,https://www.profesia.sk/praca/pwc/O5186449?search_id=6c3db9db-52cd-4826-a3d0-47dce197be12,2025-11-04,2026-02-16,False,Bratislava,2000 EUR gross/month,,,"Python, Terraform, Ansible","Docker, AWS, Palo Alto firewalls",Hybrid,Full-time,3-5 years,,
5186426,"DevOps Engineer, DevOps Administrator","SkyToll, a. s.",https://www.profesia.sk/praca/skytoll/O5186426?search_id=6c3db9db-52cd-4826-a3d0-47dce197be12,2025-11-04,2025-11-24,False,Bratislava,2800 - 3800 EUR gross/month,English: B2,High School with Diploma,"Jenkins, Bash Scripting, Terraform, Prometheus, Windows PowerShell, GitLab","Docker, Kubernetes, ArgoCD, Flux, Vault, AWS Secret Manager",Hybrid,Full-time,2 years,,
5178219,IT Projektový manažér – CEO vlastného projektu,"M2M Solutions, s.r.o.",https://www.profesia.sk/praca/m2m-solutions/O5178219?search_id=6c3db9db-52cd-4826-a3d0-47dce197be12,2025-11-04,2025-11-18,False,Žilina,2500 EUR gross/month,"Slovak: C1, English: B2","Bachelor, Master, PhD",,,Hybrid,Full-time,3+ years,,
5186418,Product Manager,Sygic a. s.,https://www.profesia.sk/praca/sygic/O5186418?search_id=6c3db9db-52cd-4826-a3d0-47dce197be12,2025-11-04,2025-11-17,False,Bratislava,3500 EUR gross/month,,Secondary with school-leaving examination,,,Hybrid (occasional home office),Full-time,5+ years,,
5186413,IT Technik - ponuka pre juniorov! :,Hemmersbach Czech s.r.o.,https://www.profesia.sk/praca/hemmersbach-czech/O5186413?search_id=6c3db9db-52cd-4826-a3d0-47dce197be12,2025-11-04,2025-11-24,False,Bratislava,600 - 650 EUR gross/month,"English: B1, Slovak: C2",High School with Diploma,,"Microsoft Office (Outlook, Word, Excel), Windows",Hybrid,Full-time,,,
5169530,Software Engineering Manager,"Caterpillar Slovakia, s. r. o.",https://www.profesia.sk/praca/caterpillar-slovakia/O5169530?search_id=6c3db9db-52cd-4826-a3d0-47dce197be12,2025-11-04,2025-11-24,False,Košice,5500 EUR gross/month,English: B2,"Bachelor, Master, Postgraduate",,,Hybrid (on-site with home office),Full-time,5+ years,,
5186406,Backend Developer (Symfony + Flask),VIZIO s.r.o.,https://www.profesia.sk/praca/vizio/O5186406?search_id=6c3db9db-52cd-4826-a3d0-47dce197be12,2025-11-04,2025-11-24,False,Bratislava,3000 EUR gross/month,English: B2,High School with Diploma,"Symfony, Flask, Python, SQL","Git, Linux",Hybrid,Full-time,3-5 years,,
5030123,Hľadáme Validačného Experta pre Alarm Function Testing: Spoj cestovanie s kariérou!,Valicare s.r.o.,https://www.profesia.sk/praca/valicare/O5030123?search_id=6c3db9db-52cd-4826-a3d0-47dce197be12,2025-11-04,2026-03-05,False,Trenčiansky kraj,1600 EUR gross/month,English: B1,"Bachelor, Master",,,Hybrid,Full-time,,,
5138722,Junior Web dizajnér,"LG Tech Services, s.r.o.",https://www.profesia.sk/praca/lg-tech-services/O5138722?search_id=6c3db9db-52cd-4826-a3d0-47dce197be12,2025-11-04,2025-11-18,False,Bratislava,1600 EUR gross/month,English: B2,High School with Diploma,,"Adobe Creative Cloud, Figma",Hybrid,Full-time,,,
5186386,Cloud Kubernetes Engineer,Unicorn,https://www.profesia.sk/praca/unicorn/O5186386?search_id=6c3db9db-52cd-4826-a3d0-47dce197be12,2025-11-04,2025-11-18,False,Bratislava,2000 EUR gross/month,"Slovak: C2, English: B2",High School with Diploma,"Linux, Docker, Kubernetes","Zabbix, Ansible, Prometheus, MongoDB, IaC, Graffana, Elastic Search",Home-Office,Full-time,3-5 years,,
5158583,Join Our Team as a Software Test Engineer - Python Focus,localhost s.r.o.,https://www.profesia.sk/praca/localhost/O5158583?search_id=6c3db9db-52cd-4826-a3d0-47dce197be12,2025-11-04,2026-03-03,False,Košice,2500 EUR gross/month,English: B2,Bachelor,"Python, Java, C++","JUnit, Selenium, Cucumber, JBehave",Hybrid,Full-time,3-5 years,,
5180668,Software Engineer,"IRON MOUNTAIN SLOVAKIA, s.r.o.",https://www.profesia.sk/praca/iron-mountain-slovakia/O5180668?search_id=6c3db9db-52cd-4826-a3d0-47dce197be12,2025-11-04,2025-11-24,False,Bratislava,2600 EUR gross/month,English: B2,Bachelor,"Docker, SQL","GitLab CI/CD, Kubernetes, Google Cloud Platform, Amazon Web Services (AWS)",Hybrid,Full-time,2 years,,
5096827,Abap Developer,"SNP Slovakia, s. r. o.",https://www.profesia.sk/praca/snp-slovakia/O5096827?search_id=8f71d9ad-6fce-4454-950e-491a37b5602d,2025-11-04,2026-03-25,True,Žilina,2500 EUR gross/month,English: B1,"Bachelor, Master","ABAP, SQL",,Hybrid,Full-time,,,
5169536,Senior Software Engineer - React,"Caterpillar Slovakia, s. r. o.",https://www.profesia.sk/praca/caterpillar-slovakia/O5169536?search_id=8f71d9ad-6fce-4454-950e-491a37b5602d,2025-11-04,2025-11-18,False,Košice,3600 EUR gross/month,English: B2,Bachelor,"HTML5, CSS, Sass, Bootstrap, React, JavaScript, TypeScript, Webpack, Babel, Redux, Jest","Docker, AWS, Azure DevOps, GitHub actions",Hybrid,Full-time,3-5 years,,
5168981,Junior Data Analytics Engineer,Swiss Re,https://www.profesia.sk/praca/swiss-re/O5168981?search_id=8f71d9ad-6fce-4454-950e-491a37b5602d,2025-11-04,2026-02-09,False,Bratislava,1600 - 2600 EUR gross/month,English: B2,High School with Diploma,"Python, SQL, TypeScript","Palantir Foundry, PySpark, Workshop (low-code)",Hybrid,Full-time,0-1 years,,
5169531,Lead Software Engineer - React,"Caterpillar Slovakia, s. r. o.",https://www.profesia.sk/praca/caterpillar-slovakia/O5169531?search_id=8f71d9ad-6fce-4454-950e-491a37b5602d,2025-11-04,2025-11-24,False,Košice,4600 EUR gross/month,English: B2,Bachelor,"React, JavaScript, TypeScript, HTML5, CSS, Sass, Bootstrap","Docker, AWS, Azure DevOps, GitHub actions, Jest testing library",Hybrid,Full-time,3-5 years,,
5186340,Systémový administrátor pre ČSOB Poisťovňu (M/Ž),ČSOB Finančná skupina,https://www.profesia.sk/praca/csob-financna-skupina/O5186340?search_id=8f71d9ad-6fce-4454-950e-491a37b5602d,2025-11-04,2025-11-04,False,Prešov,2200 EUR brutto/month,English: B1,High School with Diploma,,"Docker, Argo, Kubernetes, Ansible, TCP/IP, Linux, Red Hat, GitHub, GitLab, Windows, VMware",Hybrid,Full-time,2-5 years,,
5186336,CMMS Analyst (Computerized Maintenance Management System),CBRE Global Workplace Solutions s. r. o.,https://www.profesia.sk/praca/cbre-global-workplace-solutions/O5186336?search_id=8f71d9ad-6fce-4454-950e-491a37b5602d,2025-11-04,2026-01-26,False,Bratislava,2500 EUR gross/month,English: C1,Bachelor's degree,,"Tableau, Microsoft Excel",Job with occasional home office,Full-time,,,
5186331,IT Analytik/ Analytička Senior pre LAB Firemné financovanie,"Slovenská sporiteľňa, a.s.",https://www.profesia.sk/praca/slovenska-sporitelna/O5186331?search_id=8f71d9ad-6fce-4454-950e-491a37b5602d,2025-11-04,2025-11-04,False,Bratislava,2800 EUR gross/month,,"Bachelor, Master",,"Camunda framework, JIRA, Confluence, SOAP/REST, XML, JSON, Kibana",Hybrid,Full-time,3-5 years,,
5186186,Product Owner & Sales Executive – Maklerio,"Maklér Softvér, s. r. o.",https://www.profesia.sk/praca/makler-softver/O5186186?search_id=8f71d9ad-6fce-4454-950e-491a37b5602d,2025-11-04,2025-11-04,False,Bratislava,2500 EUR gross/month,English: B2,Post-secondary / Higher Vocational,,,Hybrid,Full-time,3-5 years,,
5186296,Frontend Developer,"Aliter Technologies, a.s.",https://www.profesia.sk/praca/aliter-technologies/O5186296?search_id=8f71d9ad-6fce-4454-950e-491a37b5602d,2025-11-04,2025-11-18,False,Bratislava,2500 EUR gross/month,English: B2,"Bachelor, Master","React, Node.js, TypeScript, Next JS","Docker, CI/CD (GitLab), PostgreSQL, MongoDB",Hybrid,Full-time,5+ years,,
5186295,Senior ICT analytik (m/ž) | Bratislava,"Slovenské elektrárne, a.s.",https://www.profesia.sk/praca/slovenske-elektrarne/O5186295?search_id=8f71d9ad-6fce-4454-950e-491a37b5602d,2025-11-04,2025-12-17,False,Bratislava,2262 EUR gross/month,English,"Bachelor, Master","Java, Python","MS SQL, PostgreSQL, Oracle",Hybrid,Full-time,3-5 years,,
5160644,IT Analytik,VERMONT Services Slovakia s. r. o.,https://www.profesia.sk/praca/vermont-services-slovakia/O5160644?search_id=8f71d9ad-6fce-4454-950e-491a37b5602d,2025-11-04,2025-11-04,False,Bratislava,1800 EUR gross/month,English: B2,"Bachelor, Master",,,,Full-time,0-1 years,,
5186293,Senior ICT analytik (m/ž) | Trenčín,"Slovenské elektrárne, a.s.",https://www.profesia.sk/praca/slovenske-elektrarne/O5186293?search_id=8f71d9ad-6fce-4454-950e-491a37b5602d,2025-11-04,2025-12-17,False,Trenčín,2262 EUR gross/month,English,Bachelor,"Java, Python","MS SQL, PostgreSQL, Oracle",Full-time,Full-time,3-5 years,,
5186237,Komponentový inžinier pre oblasť elektrických točivých a netočivých strojov (m/ž) |Trenčín,"Slovenské elektrárne, a.s.",https://www.profesia.sk/praca/slovenske-elektrarne/O5186237?search_id=8f71d9ad-6fce-4454-950e-491a37b5602d,2025-11-04,2025-11-24,False,Trenčín,2034 EUR gross/month,,"High School with Diploma, Bachelor",,,On-site with home office,Full-time,0-1 years,,
5186236,Komponentový inžinier pre oblasť elektrických točivých a netočivých strojov (m/ž) | Čierny Váh,"Slovenské elektrárne, a.s.",https://www.profesia.sk/praca/slovenske-elektrarne/O5186236?search_id=8f71d9ad-6fce-4454-950e-491a37b5602d,2025-11-04,2025-11-24,False,Liptovský Hrádok,2034 EUR gross/month,,"High School with Diploma, Bachelor",,,On-site,Full-time,0-1 years,,
5179414,Špecialista Tipérskej komunity (práca pre študenta),"N I K É , spol. s r.o.",https://www.profesia.sk/praca/n-i-k-e/O5179414?search_id=8f71d9ad-6fce-4454-950e-491a37b5602d,2025-11-04,2025-11-04,False,Bratislava,6 EUR/hour gross/hour,,High School with Diploma,,,Remote,Part-time (brigády),0-1 years,,
5168044,Java Developer for Automatic Driving Trains,Siemens Slovensko,https://www.profesia.sk/praca/siemens-slovensko/O5168044?search_id=8f71d9ad-6fce-4454-950e-491a37b5602d,2025-11-04,2025-11-04,False,Žilina,2000 EUR gross/month,English: B2,Bachelor,"Java, Spring Boot","Docker, Gitlab, Git",Hybrid,Full-time,,,
5175141,Senior Frontend/Fullstack Developer,"N I K É , spol. s r.o.",https://www.profesia.sk/praca/n-i-k-e/O5175141?search_id=8f71d9ad-6fce-4454-950e-491a37b5602d,2025-11-04,2025-11-24,False,Bratislava,2500 EUR gross/month,,"Bachelor, Master","JavaScript, Java, React, Node, SQL","GitLab, PostgreSQL, Redis, Docker, AWS",Hybrid,Full-time,3-5 years,,
5175139,Senior Java Developer,"N I K É , spol. s r.o.",https://www.profesia.sk/praca/n-i-k-e/O5175139?search_id=8f71d9ad-6fce-4454-950e-491a37b5602d,2025-11-04,2026-01-06,False,Bratislava,2500 EUR gross/month,,"Bachelor, Master","Java, Spring, JDBC (SQL), Messaging, Caching","IDEA, maven, git/gitlab, JIRA, Confluence, Docker, AWS",Hybrid,Full-time,5+ years,,
5171710,Employee Central Test Lead,Deutsche Telekom IT Solutions Slovakia,https://www.profesia.sk/praca/deutsche-telekom-it-solutions-slovakia/O5171710?search_id=8f71d9ad-6fce-4454-950e-491a37b5602d,2025-11-04,2026-03-25,True,Košice,1800 EUR gross/month,"English: B2, German: B2",High School with Diploma,,,Hybrid (occasional home office),Full-time,5+ years,,
5171694,Employee Central Compensation Specialist,Deutsche Telekom IT Solutions Slovakia,https://www.profesia.sk/praca/deutsche-telekom-it-solutions-slovakia/O5171694?search_id=8f71d9ad-6fce-4454-950e-491a37b5602d,2025-11-04,2026-02-03,False,Košice,2200 EUR gross/month,"English: mandatory, German: optional",,,,Hybrid (occasional home office),Full-time,5+ years,,
5171688,Employee Central Process Automation Lead,Deutsche Telekom IT Solutions Slovakia,https://www.profesia.sk/praca/deutsche-telekom-it-solutions-slovakia/O5171688?search_id=4ffbfa32-16eb-4568-a940-aa6b834a09e7,2025-11-04,2026-03-22,False,Košice,2200 EUR gross/month,"English: mandatory, German: optional",,,,Hybrid (occasional home office),Full-time,5+ years,,
5171683,Employee Central Lead,Deutsche Telekom IT Solutions Slovakia,https://www.profesia.sk/praca/deutsche-telekom-it-solutions-slovakia/O5171683?search_id=4ffbfa32-16eb-4568-a940-aa6b834a09e7,2025-11-04,2026-03-25,True,Košice,3500 EUR gross/month,"English: Mandatory, German: Optional",Full-time,,,Hybrid (occasional home office),Full-time,5+ years,,
5171501,Security Technik Administrator - 12-hour shift schedule (day or night shifts),Deutsche Telekom IT Solutions Slovakia,https://www.profesia.sk/praca/deutsche-telekom-it-solutions-slovakia/O5171501?search_id=4ffbfa32-16eb-4568-a940-aa6b834a09e7,2025-11-04,2025-11-24,False,Košice,1300 EUR gross/month,English: Upper intermediate (B2),High School with Diploma,,"ITIL V4 Foundation, IPsec and SSL VPNs, Proxy and reverse proxy services, Firewalls and next-generation firewalls",12-hour shift schedule (day or night shifts),Full-time,2-5 years,,
5171137,C++ Developer,"Kistler Bratislava, s.r.o.",https://www.profesia.sk/praca/kistler-bratislava/O5171137?search_id=4ffbfa32-16eb-4568-a940-aa6b834a09e7,2025-11-04,2025-11-24,False,Bratislava,2700 EUR gross/month,English: B2,High School with Diploma,"C++, React","Docker, GitLab, SonarQube, Yocto, Jenkins CI",Hybrid,Full-time,3-5 years,,
5171034,Biznis analytik - senior pre Odd. zab.úverov pre FO,"Tatra banka, a.s.",https://www.profesia.sk/praca/tatra-banka/O5171034?search_id=4ffbfa32-16eb-4568-a940-aa6b834a09e7,2025-11-04,2025-11-18,False,Bratislava,2600 EUR gross/month,English,"Bachelor, Master",,"Oracle SQL Developer, PowerBI, SAS Data Miner, Python",Full-time,Full-time,3-5 years,,
5154419,Solution Engineer,Siemens Slovensko,https://www.profesia.sk/praca/siemens-slovensko/O5154419?search_id=4ffbfa32-16eb-4568-a940-aa6b834a09e7,2025-11-04,2025-11-04,False,Žilina,2800 EUR gross/month,English: B2,Bachelor,,,Hybrid,Full-time,3-5 years,,
3859622,ServiceNow Developer,"Accenture, s.r.o.",https://www.profesia.sk/praca/accenture/O3859622?search_id=4ffbfa32-16eb-4568-a940-aa6b834a09e7,2025-11-04,2026-03-25,True,,3000 - 4600 EUR gross/month,English: B2,,"JavaScript, AngularJS, Bootstrap, jQuery","ServiceNow, REST/SOAP APIs, XML, JSON, HTML, CSS, AJAX",Remote,Full-time,5+ years,,
5131272,Team Leader,Siemens Slovensko,https://www.profesia.sk/praca/siemens-slovensko/O5131272?search_id=4ffbfa32-16eb-4568-a940-aa6b834a09e7,2025-11-04,2026-01-06,False,Bratislava,3000 EUR gross/month + 20% bonus,English: B2,"Bachelor, Master, PhD",,,Hybrid,Full-time,No specific experience required,,
5101495,Senior DevOps Engineer for PACCA program,Deutsche Telekom IT Solutions Slovakia,https://www.profesia.sk/praca/deutsche-telekom-it-solutions-slovakia/O5101495?search_id=4ffbfa32-16eb-4568-a940-aa6b834a09e7,2025-11-04,2026-03-25,True,Košice,2600 EUR gross/month,English: B2,"Bachelor, Master","Python, Bash, Java","Docker, AWS, Azure, Kubernetes, OpenShift, Git, Jenkins, GitLab, Ansible, ELK, Prometheus, Icinga, Jaeger, Grafana",Hybrid,Full-time,3-5 years,,
5042597,Senior Java Developer - project Gigabit + Sign on Bonus 2000 EUR,Deutsche Telekom IT Solutions Slovakia,https://www.profesia.sk/praca/deutsche-telekom-it-solutions-slovakia/O5042597?search_id=4ffbfa32-16eb-4568-a940-aa6b834a09e7,2025-11-04,2026-03-25,True,Remote,3100 - 3700 EUR gross/month,English: B2,"Bachelor, Master","Java, Spring Boot, Quarkus","Docker, Kubernetes, AWS, Azure, Google Cloud",Remote,Full-time,5+ years,,
5186234,Solution Application Architect (Azure),Pro HR,https://www.profesia.sk/praca/pro-hr/O5186234?search_id=4ffbfa32-16eb-4568-a940-aa6b834a09e7,2025-11-04,2025-11-24,False,Bratislava,4500 EUR gross/month,English: B2,"Bachelor, Master, PhD","Python, SQL","Docker, Ansible, Terraform, Kubernetes, Azure DevOps, Jenkins, Maven, Gradle",Hybrid,Full-time,4 years,,
5186233,IT Project Manager,Pro HR,https://www.profesia.sk/praca/pro-hr/O5186233?search_id=4ffbfa32-16eb-4568-a940-aa6b834a09e7,2025-11-04,2025-11-24,False,Bratislava,3800 EUR gross/month,English: B2,Master,,,Hybrid,Full-time,1-3 years,,
5172534,Cybersecurity Enthusiast Wanted!,"ESET, spol. s r.o.",https://www.profesia.sk/praca/eset/O5172534?search_id=4ffbfa32-16eb-4568-a940-aa6b834a09e7,2025-11-04,2025-11-24,False,Bratislava,1600 EUR gross/month,English: B2,High School with Diploma,,,Hybrid,Full-time,,,
5186201,IT (ERP/CRM) konzultant / analytik,Strauberi s. r. o.,https://www.profesia.sk/praca/strauberi/O5186201?search_id=4ffbfa32-16eb-4568-a940-aa6b834a09e7,2025-11-04,2026-01-06,False,Košice,1700 - 2300€ brutto/month,English: B2,"Bachelor, Master",,"Odoo, Databases, API, Skripting",Hybrid (office or home office),Full-time,3 years,,
5186194,Produktový špecialista/špecialistka odd. Multichannel,"Všeobecná úverová banka, a.s., Intesa Sanpaolo",https://www.profesia.sk/praca/vseobecna-uverova-banka-intesa-sanpaolo/O5186194?search_id=4ffbfa32-16eb-4568-a940-aa6b834a09e7,2025-11-04,2025-11-17,False,Bratislava,1800 EUR gross/month,English: C1,Bachelor,,,Hybrid,Full-time,0-3 years,,
5186193,ERP Enterprise Architect (IFS Cloud Transformation),NonStop Consulting Ltd,https://www.profesia.sk/praca/nonstop-consulting-ltd/O5186193?search_id=4ffbfa32-16eb-4568-a940-aa6b834a09e7,2025-11-04,2025-11-24,False,,4000 EUR gross/month,English: Fluent,"Bachelor, Master",,,Remote work,Full-time,,,
5163608,SAP S4 IT Solutions - FI AR Consultant,"Kyndryl Services Slovensko, spol. s r.o.",https://www.profesia.sk/praca/kyndryl-services-slovensko/O5163608?search_id=4ffbfa32-16eb-4568-a940-aa6b834a09e7,2025-11-04,2025-11-24,False,Bratislava,3330 EUR gross/month,English: B2,"Bachelor, Master",,,Hybrid,Full-time,3-5 years,,
5159908,Senior Java Software Engineer (Air Traffic Management),FREQUENTIS Solutions & Services s. r. o.,https://www.profesia.sk/praca/frequentis-solutions-services/O5159908?search_id=4ffbfa32-16eb-4568-a940-aa6b834a09e7,2025-11-04,2026-02-03,False,Bratislava,4000 EUR gross/month,English: B2,Bachelor,"Java, JavaScript","Maven, Git, Docker, Jenkins, Akka, JSON, RabbitMQ/AMQP, WebSocket, HTTP/REST, SIP/SDP, JUnit tests, CATS (test automation platform), etcd, Zabbix, OpenSearch/Kibana, Jama, JIRA, Confluence",Hybrid,Full-time,,,
5186172,Senior IT Infrastructure Engineer | Global Cloud Transformation - Remote,NonStop Consulting Ltd,https://www.profesia.sk/praca/nonstop-consulting-ltd/O5186172?search_id=4ffbfa32-16eb-4568-a940-aa6b834a09e7,2025-11-04,2025-11-24,False,,4000 - 5000 EUR gross/month,English: C1,Bachelor's degree,,,Remote,Full-time,,,
5186171,DevOps Engineer,IT-Impulse s. r. o.,https://www.profesia.sk/praca/it-impulse/O5186171?search_id=4ffbfa32-16eb-4568-a940-aa6b834a09e7,2025-11-04,2025-11-24,False,,2500 EUR gross/month,English: B2,,,"RedHat Openshift, ElasticSearch, Fluentd/Logstash, Kibana, Grafana, Prometheus, GitLab, JFrog Artifactory, Keycloak/RH SSO, Kafka/Eventstream, API Gateway kong",Remote,Full-time,,,
5186166,BI Developer – Power BI / Azure Data Platform - Remote,NonStop Consulting Ltd,https://www.profesia.sk/praca/nonstop-consulting-ltd/O5186166?search_id=1f1ae081-2049-4954-88a2-2a50e8ba8cf8,2025-11-04,2025-11-24,False,,3000 - 4500 EUR gross/month,English: C1,Bachelor's degree,,"Power BI, Azure Synapse, Databricks, Microsoft Fabric, Power Platform",Remote,Full-time,,,
5186161,IT Biznis Analytik,CODERAMA s. r. o.,https://www.profesia.sk/praca/coderama/O5186161?search_id=1f1ae081-2049-4954-88a2-2a50e8ba8cf8,2025-11-04,2025-11-24,False,Praha,3000 - 6000 EUR gross/month,"English: C1, Slovak: C1",High School with Diploma,,"X-Ray Search, Tricentis Tosca, Amazon Web Services (AWS)",Hybrid,Full-time,5 years,,
5186141,Xray Support Engineer,CODERAMA s. r. o.,https://www.profesia.sk/praca/coderama/O5186141?search_id=1f1ae081-2049-4954-88a2-2a50e8ba8cf8,2025-11-04,2025-11-24,False,Bratislava,3000 - 6000 EUR gross/month,"English: C1, Slovak: C1","Bachelor, Master, Post-secondary / Higher Vocational",,"Idera Xray, Tricentis Tosca, LoadRunner Enterprise, LiveCompare, AWS",Home-Office,Full-time,5+ years,,
5186137,Andorid Developer,Sygic a. s.,https://www.profesia.sk/praca/sygic/O5186137?search_id=1f1ae081-2049-4954-88a2-2a50e8ba8cf8,2025-11-04,2025-11-24,False,Brno,2600 EUR gross/month,"English: B2, Slovak: B2",High School with Diploma,"Kotlin, Java","Azure DevOps, Git, JUnit, Dagger2",Hybrid,Full-time,,,
5186110,Jira developer / Atlassian expert,"Centila, s. r. o.",https://www.profesia.sk/praca/centila/O5186110?search_id=1f1ae081-2049-4954-88a2-2a50e8ba8cf8,2025-11-04,2025-11-24,False,Bratislava,3000 EUR gross/month,"English: C1, Slovak: C2","Bachelor, Master, PhD",,"Jira, Confluence, Bitbucket, Bamboo",Hybrid,Full-time,3-5 years,,
5184955,Delivery Manager,"Seyfor Slovensko, a.s.",https://www.profesia.sk/praca/seyfor-slovensko/O5184955?search_id=1f1ae081-2049-4954-88a2-2a50e8ba8cf8,2025-11-04,2025-11-24,False,Bratislava,3400 EUR gross/month,English: B2,"Bachelor, Master, PhD",,,Hybrid,Full-time,5+ years,,
5169220,Biznis analytik,"Prima banka Slovensko, a.s.",https://www.profesia.sk/praca/prima-banka-slovensko/O5169220?search_id=1f1ae081-2049-4954-88a2-2a50e8ba8cf8,2025-11-04,2026-03-25,True,Bratislava,1500 EUR gross/month,,"Bachelor, Master",,"Microsoft Excel, SQL",Full-time,Full-time,2 years,,
5186097,Senior AI Python Software Engineer,ableneo Slovensko s.r.o.,https://www.profesia.sk/praca/ableneo-slovensko/O5186097?search_id=1f1ae081-2049-4954-88a2-2a50e8ba8cf8,2025-11-04,2025-11-24,False,Bratislava,3500 EUR gross/month,"Slovak: C1, English: B2","Bachelor, Master, Postgraduate",Python,"GitLab, Jira, CI/CD, code reviews, FastAPI, SQL, Elastic, Azure AI Search",Hybrid (Job with occasional home office),Full-time,8+ years,,
5186088,IT-Service Desk Employee,teamative a. s.,https://www.profesia.sk/praca/teamative/O5186088?search_id=1f1ae081-2049-4954-88a2-2a50e8ba8cf8,2025-11-04,2025-12-17,False,Košice,2200 EUR gross/month,"English: C1, German: B2",Secondary with school-leaving examination,,"Microsoft Office365, Windows 10/11, MDM via Intune and Apple Business Manager",,Full-time,,,
5186084,Senior QA Engineer,Moxymind s. r. o.,https://www.profesia.sk/praca/moxymind/O5186084?search_id=1f1ae081-2049-4954-88a2-2a50e8ba8cf8,2025-11-04,2026-02-07,False,Košice,3000 EUR gross/month,,Bachelor,"Python, Java, JavaScript","Karate, Postman, Wiremock, JUnit, Cucumber, Jenkins, Git",Hybrid,Full-time,5+ years,,
5186046,Junior Systémový Inžinier,"KODYS SLOVENSKO, s r.o.",https://www.profesia.sk/praca/kodys-slovensko/O5186046?search_id=1f1ae081-2049-4954-88a2-2a50e8ba8cf8,2025-11-04,2026-01-06,False,Bratislava,1200 - 1600 EUR gross/month,"Slovak: C1, English: C1","Bachelor, Master",,"Android, Linux, Windows, XML/HTML",Hybrid,Full-time,,,
5186066,"Remote Part time Junior front-end developer, slovenčina + maďarčina",Gigaprint.sk s.r.o.,https://www.profesia.sk/praca/gigaprint-sk/O5186066?search_id=1f1ae081-2049-4954-88a2-2a50e8ba8cf8,2025-11-04,2025-11-24,False,,10 EUR/hour,"Slovak: C1, Hungarian: C1",High School with Diploma,"PHP, Laravel, Vue 3","Git, Docker, HTML + CSS",Remote,Part-time,,,
5182833,Data Scientist v mediálnej agentúre (lvl medior),"Starmedia, s. r. o.",https://www.profesia.sk/praca/starmedia/O5182833?search_id=1f1ae081-2049-4954-88a2-2a50e8ba8cf8,2025-11-04,2025-11-24,False,Bratislava,2200 EUR gross/month,"English: B1, Slovak: C1","Bachelor, Master","Python, SQL","Power BI, DAX, Power Query",Full-time,Full-time,2 years,,
5147593,Analytik inovácií a digitalizácie s chuťou meniť svet poisťovníctva,"KOOPERATIVA poisťovňa, a.s. Vienna Insurance Group",https://www.profesia.sk/praca/kooperativa-poistovna-vienna-insurance-group/O5147593?search_id=1f1ae081-2049-4954-88a2-2a50e8ba8cf8,2025-11-04,2026-01-16,False,Bratislava,2300 EUR gross/month,English: C1,Master,,,Full-time,Full-time,3 years,,
5186007,Senior administrátor sieťovej bezpečnosti Fortinet v BB,"Slovanet, a. s.",https://www.profesia.sk/praca/slovanet/O5186007?search_id=1f1ae081-2049-4954-88a2-2a50e8ba8cf8,2025-11-04,2026-02-09,False,Banská Bystrica,2500 EUR gross/month,English: B1,High School with Diploma,,,Hybrid,Full-time,3-5 years,,
5186004,Senior administrátor sieťovej bezpečnosti Fortinet v ZA,"Slovanet, a. s.",https://www.profesia.sk/praca/slovanet/O5186004?search_id=1f1ae081-2049-4954-88a2-2a50e8ba8cf8,2025-11-04,2026-02-09,False,Žilina,2500 EUR gross/month,English: B1,High School with Diploma,,,Hybrid,Full-time,3-5 years,,
5186003,Senior administrátor sieťovej bezpečnosti Fortinet v TN,"Slovanet, a. s.",https://www.profesia.sk/praca/slovanet/O5186003?search_id=1f1ae081-2049-4954-88a2-2a50e8ba8cf8,2025-11-04,2026-02-09,False,Trenčín,2500 EUR gross/month,English: B1,High School with Diploma,,,Hybrid,Full-time,3-5 years,,
5185996,Infrastructure Administrator,Fpt Slovakia s.r.o.,https://www.profesia.sk/praca/fpt-slovakia/O5185996?search_id=1f1ae081-2049-4954-88a2-2a50e8ba8cf8,2025-11-04,2025-11-04,False,Bratislava,2100 EUR gross/month,"English, German",Bachelor,,"Ivanti EPM, VMware vSphere, PowerShell",Remote,Full-time,3-5 years,,
5185970,Operations Specialist (Hybrid option),Swiss Re,https://www.profesia.sk/praca/swiss-re/O5185970?search_id=1f1ae081-2049-4954-88a2-2a50e8ba8cf8,2025-11-04,2025-11-04,False,Bratislava,1900 - 3200 EUR gross/month,English: B2,"Bachelor, Master, Postgraduate (Doctorate)",,"MS Office, Teams, SharePoint",Hybrid,Full-time,0-1 years,,
5185951,Naštartujte svoju kariéru ako ASP.Net developer už dnes - príležitosť pre študentov/ky  IT v Košiciach,"DÔVERA zdravotná poisťovňa, a. s.",https://www.profesia.sk/praca/dovera-zdravotna-poistovna/O5185951?search_id=1f1ae081-2049-4954-88a2-2a50e8ba8cf8,2025-11-04,2025-11-24,False,Košice,7 EUR/hour gross,English: B1,High School with Diploma,"ASP.NET, .NET6, C-Sharp, VB.NET","MS SQL, Docker, AWS",Hybrid,Full-time,,,
5139205,Senior Connectivity Network Engineer,Swiss Re,https://www.profesia.sk/praca/swiss-re/O5139205?search_id=c645fbd1-0410-4280-a619-854a1ff47f28,2025-11-04,2026-03-05,False,Bratislava,3800 - 6300 EUR gross/month,English: B2,Bachelor,,"Docker, AWS, F5 Big-IP LTM, EfficientIP SOLIDserver",Hybrid,Full-time,,,
5185871,Architekt IT bezpečnosti (IT Security Architect),"O2 Slovakia, s.r.o.",https://www.profesia.sk/praca/o2-slovakia/O5185871?search_id=c645fbd1-0410-4280-a619-854a1ff47f28,2025-11-04,2025-11-24,False,Bratislava,3000 EUR brutto/month,English: technical,"Bachelor, Master",,,Hybrid,Full-time,4+ years,,
5185842,Business analytik pre digitálne kanály (M/Ž),ČSOB Finančná skupina,https://www.profesia.sk/praca/csob-financna-skupina/O5185842?search_id=c645fbd1-0410-4280-a619-854a1ff47f28,2025-11-04,2025-11-24,False,Bratislava,2300 EUR gross/month,English: B2,"Bachelor, Master",,,Hybrid,Full-time,,,
5185835,Junior IT Tester,Greyson Consulting s.r.o.,https://www.profesia.sk/praca/greyson-consulting/O5185835?search_id=c645fbd1-0410-4280-a619-854a1ff47f28,2025-11-04,2025-11-04,False,Bratislava,1400 EUR gross/month,"English: B2, Slovak: C2",High School with Diploma,,,Hybrid,Full-time,,,
5185836,Inštalačný technik sieťovej infraštruktúry Junior,"SOITRON, s.r.o.",https://www.profesia.sk/praca/soitron/O5185836?search_id=c645fbd1-0410-4280-a619-854a1ff47f28,2025-11-04,2025-11-24,False,"Slovensko, Česko, Poľsko",1100 EUR gross/month + variabilná čiastka + benefity,Anglický jazyk - Mierne pokročilý (B1),High School with Diploma,,,Cestovanie po Európe,Full-time,0-1 years,,
5185826,Analytik AI a smart technológii (m/ž),"Ministerstvo investícií, regionálneho rozvoja a informatizácie Slovenskej republiky",https://www.profesia.sk/praca/ministerstvo-investicii-regionalneho-rozvoja-a-informatizacie-slovenskej-republiky/O5185826?search_id=c645fbd1-0410-4280-a619-854a1ff47f28,2025-11-04,2025-11-24,False,Bratislava,2200 EUR gross/month,English: B2,High School with Diploma,,,Hybrid,Full-time,2-5 years,,
5027379,Abap programátor,Natuvion Slovakia s.r.o.,https://www.profesia.sk/praca/natuvion-slovakia/O5027379?search_id=c645fbd1-0410-4280-a619-854a1ff47f28,2025-11-04,2026-03-25,True,Košice,2000 - 5000 EUR gross/month,"English: B2, German: B2",High School with Diploma,ABAP,,Hybrid,Full-time,3-5 years,,
5036507,Administrátor sieťovej bezpečnosti,Národné centrum zdravotníckych informácií,https://www.profesia.sk/praca/narodne-centrum-zdravotnickych-informacii/O5036507?search_id=c645fbd1-0410-4280-a619-854a1ff47f28,2025-11-04,2026-03-25,True,Bratislava,2300 EUR gross/month,English: B2,High School with Diploma,,"NGFW, WAF, Loadbalancing, DNS, XML, MailGW",,Full-time,3 years,,
5146540,Administrátor sieťovej bezpečnosti,Národné centrum zdravotníckych informácií,https://www.profesia.sk/praca/narodne-centrum-zdravotnickych-informacii/O5146540?search_id=c645fbd1-0410-4280-a619-854a1ff47f28,2025-11-04,2025-11-04,False,Bratislava,2300 EUR gross/month,English: B2,High School with Diploma,,"NGFW, WAF, Loadbalancing, DNS, XML, MailGW",,Full-time,3 years,,
5123814,Bezpečnostný špecialista - DevSecOps,Národné centrum zdravotníckych informácií,https://www.profesia.sk/praca/narodne-centrum-zdravotnickych-informacii/O5123814?search_id=c645fbd1-0410-4280-a619-854a1ff47f28,2025-11-04,2026-03-25,True,Bratislava,2200 EUR gross/month,"Slovak: C2, English: B2",High School with Diploma,,"GitLab CI/CD, Harbor, OpenSCAP, Armosec, ArgoCD, ArgoWorkflow, Ansible, IriusRisk, SAST/DAST/SCA tools, Secure Code Review, Secret Scanning",Full-time,Full-time,2-5 years,,
5185772,Application Engineer,Swiss Re,https://www.profesia.sk/praca/swiss-re/O5185772?search_id=c645fbd1-0410-4280-a619-854a1ff47f28,2025-11-04,2025-11-04,False,Bratislava,2700 - 4500 EUR gross/month,English: B2,Bachelor,"Java, Spring Boot, Hibernate, Docker, PostgreSQL, OAuth","Azure DevOps, Gitlab/Github",Hybrid,Full-time,,,
5185680,"Servisný technik (automatizácia, riadiace systémy, IT, siete)",PROCESNÁ AUTOMATIZÁCIA a.s. Košice,https://www.profesia.sk/praca/procesna-automatizacia-kosice/O5185680?search_id=c645fbd1-0410-4280-a619-854a1ff47f28,2025-11-04,2025-11-24,False,Košice,1600 EUR gross/month,,"High School with Diploma, Post-secondary / Higher Vocational, Bachelor, Master",,"SIEMENS PLC, Rockwell Automation, B&R, ABB",On-site,Full-time,3-5 years,,
5185691,"PHP Developer (Symfony, React)","GoodWill Recruitment, s.r.o.",https://www.profesia.sk/praca/goodwill-recruitment/O5185691?search_id=c645fbd1-0410-4280-a619-854a1ff47f28,2025-11-04,2025-11-24,False,Košice,2000 - 2700 EUR gross/month,English: B2,"Bachelor, Master, PhD","PHP, JavaScript, SQL","Symfony framework, API Platform, React",Hybrid (on-site with home office),Full-time,,,
5185688,Chceš získať projektové skúsenosti s digitálnou transformáciou formou stáže?  - Príď nám pomôcť do Slovenských elektrární,"Slovenské elektrárne, a.s.",https://www.profesia.sk/praca/slovenske-elektrarne/O5185688?search_id=c645fbd1-0410-4280-a619-854a1ff47f28,2025-11-04,2025-11-24,False,Bratislava,8 EUR/hour gross,,High School with Diploma,,"Excel, Power Point","Internship, Stáž",Full-time,0-1 years,,
5185684,IT špecialista pre priemysel,PŘEDVÝBĚR.CZ a.s.,https://www.profesia.sk/praca/predvyber-cz/O5185684?search_id=c645fbd1-0410-4280-a619-854a1ff47f28,2025-11-04,2026-03-25,True,Brezno,1500 EUR gross/month,English: B2,High School with Diploma,,,Hybrid,Full-time,,,
5185683,Junior DevOps Engineer - Banská Bystrica,PANTHEON.team,https://www.profesia.sk/praca/pantheon-team/O5185683?search_id=c645fbd1-0410-4280-a619-854a1ff47f28,2025-11-04,2026-03-25,True,Banská Bystrica,1500 EUR gross/month,English: B2,High School with Diploma,"Bash, Python",,Hybrid,Full-time,,,
5138644,Solution Lead - Data,"Caterpillar Slovakia, s. r. o.",https://www.profesia.sk/praca/caterpillar-slovakia/O5138644?search_id=c645fbd1-0410-4280-a619-854a1ff47f28,2025-11-04,2026-02-24,False,Košice,4500 EUR gross/month,English: B2,Bachelor,,,Hybrid,Full-time,,,
5168696,Data Engineer,"Caterpillar Slovakia, s. r. o.",https://www.profesia.sk/praca/caterpillar-slovakia/O5168696?search_id=c645fbd1-0410-4280-a619-854a1ff47f28,2025-11-04,2026-01-26,False,Košice,3000 EUR gross/month,English: B2,,"Python, SQL",,,Full-time,,,
5168445,Lead Software Engineer - Java,"Caterpillar Slovakia, s. r. o.",https://www.profesia.sk/praca/caterpillar-slovakia/O5168445?search_id=c645fbd1-0410-4280-a619-854a1ff47f28,2025-11-04,2026-02-09,False,Košice,4600 EUR gross/month,English: C1,Bachelor,Java,"AWS, Azure, Jenkins, Sonar Qube, Fortify",Hybrid,Full-time,3-5 years,,
5185663,Lead Full Stack Developer in Bratislava,Deutsche Telekom Services Europe Slovakia s.r.o.,https://www.profesia.sk/praca/deutsche-telekom-services-europe-slovakia/O5185663?search_id=c645fbd1-0410-4280-a619-854a1ff47f28,2025-11-04,2025-11-24,False,Bratislava,3500 EUR gross/month,English: C1,"Bachelor's degree in Computer Science, Information Technology, or related field","JavaScript, Python","Next.js, React, Docker, Kubernetes",Hybrid,Full-time,10+ years,,
5185661,Looking for Full-Stack Superhero !,Deutsche Telekom Services Europe Slovakia s.r.o.,https://www.profesia.sk/praca/deutsche-telekom-services-europe-slovakia/O5185661?search_id=8f6c7dbf-200a-4c82-9521-37aea152538e,2025-11-04,2025-11-24,False,Bratislava,3500 EUR gross/month,English: C1,"Bachelor, Master","JavaScript, Python","React, Next.js, Docker, CI/CD, Kubernetes",Hybrid,Full-time,,,
5185662,Lead Full Stack Developer in Košice,Deutsche Telekom Services Europe Slovakia s.r.o.,https://www.profesia.sk/praca/deutsche-telekom-services-europe-slovakia/O5185662?search_id=8f6c7dbf-200a-4c82-9521-37aea152538e,2025-11-04,2025-11-24,False,Košice,3500 EUR gross/month,English: C1,"Bachelor's degree in Computer Science, Information Technology, or related field","JavaScript, Python","Next.js, React, Docker, Kubernetes",Hybrid,Full-time,10+ years,,
5177663,Subject Matter Expert - Vulnerability and Patch Management (CTI Integration and SecOps Support),"UNIQA 4WARD, organizačná zložka",https://www.profesia.sk/praca/uniqa-4ward-organizacna-zlozka/O5177663?search_id=8f6c7dbf-200a-4c82-9521-37aea152538e,2025-11-04,2026-03-25,True,Bratislava,3200 EUR gross/month,English: B2,"Bachelor, Master",,,Hybrid (Job with occasional home office),Full-time,5-7 years,,
5185656,Expert kybernetickej a informačnej bezpečnosti,"Všeobecná zdravotná poisťovňa, a. s.",https://www.profesia.sk/praca/vseobecna-zdravotna-poistovna/O5185656?search_id=8f6c7dbf-200a-4c82-9521-37aea152538e,2025-11-04,2025-11-04,False,Košice,2500 EUR brutto/month,,"High School with Diploma, Bachelor, Master",,,Full-time,Full-time,3-5 years,,
5185650,Koordinátor kybernetickej a informačnej bezpečnosti,"Všeobecná zdravotná poisťovňa, a. s.",https://www.profesia.sk/praca/vseobecna-zdravotna-poistovna/O5185650?search_id=8f6c7dbf-200a-4c82-9521-37aea152538e,2025-11-04,2025-11-04,False,Košice,2500 EUR gross/month,,"Bachelor, Master",,,,Full-time,2-5 years,,
5167233,Account Manager/Customer Success Manager – US Hours,"NATEK SLOVAKIA, s.r.o.",https://www.profesia.sk/praca/natek-slovakia/O5167233?search_id=8f6c7dbf-200a-4c82-9521-37aea152538e,2025-11-04,2025-12-17,False,Bratislava,2000 EUR gross/month,English: C1,"Bachelor, Master",,,Hybrid,Full-time,5+ years,,
5142207,Global IS/IT Infrastructure Engineer (Identity),OPmobility,https://www.profesia.sk/praca/opmobility/O5142207?search_id=8f6c7dbf-200a-4c82-9521-37aea152538e,2025-11-04,2025-11-24,False,Lozorno,3000 EUR gross/month,English: C1,Bachelor,,,Hybrid,Full-time,3 years,,
5185609,Senior Full Stack Developer,UNIQA,https://www.profesia.sk/praca/uniqa/O5185609?search_id=8f6c7dbf-200a-4c82-9521-37aea152538e,2025-11-04,2025-11-24,False,Bratislava,2400 EUR gross/month,English: A2,High School with Diploma,"Java, Spring Boot, React, TypeScript","Docker, Maven, Jenkins, GitLab CI, SonarQube, ELK Stack, Prometheus, Grafana, Zabbix, PostgreSQL",Hybrid,Full-time,0-1 years,,
5184624,Monitoring Operator,Diebold Nixdorf,https://www.profesia.sk/praca/diebold-nixdorf/O5184624?search_id=8f6c7dbf-200a-4c82-9521-37aea152538e,2025-11-04,2025-11-04,False,Košice,1050 EUR gross/month,English: B2,High School with Diploma,,,Hybrid,Full-time,0-2 years,,
5165618,IT Project Manager,CGI Slovakia s. r. o.,https://www.profesia.sk/praca/cgi-slovakia/O5165618?search_id=8f6c7dbf-200a-4c82-9521-37aea152538e,2025-11-04,2025-11-04,False,Bratislava,2500 EUR gross/month,English: B2,"Bachelor, Master",,,Hybrid,Full-time,3-5 years,,
5145610,SAP Solution Architect,CGI Slovakia s. r. o.,https://www.profesia.sk/praca/cgi-slovakia/O5145610?search_id=8f6c7dbf-200a-4c82-9521-37aea152538e,2025-11-04,2026-03-05,False,Bratislava,4500 EUR gross/month,English: B2,"Bachelor, Master",,,Hybrid,Full-time,5+ years,,
5168197,Java Developer experienced with Quarkus framework,CGI Slovakia s. r. o.,https://www.profesia.sk/praca/cgi-slovakia/O5168197?search_id=8f6c7dbf-200a-4c82-9521-37aea152538e,2025-11-04,2025-11-24,False,Bratislava,2100-3500 EUR gross/month,English: C1,"Bachelor, Master","Java, Quarkus","Spring Boot, Maven, GitLab CI/CD, ArgoCD, Nexus, Junit, Mockito, Sonatype Lifecycle, Fortify, WebInspect, SonarQube, Dynatrace, Splunk, AWS, Kubernetes, Docker",Hybrid,Full-time,5+ years,,
5109295,Analytik IT,"KOOPERATIVA poisťovňa, a.s. Vienna Insurance Group",https://www.profesia.sk/praca/kooperativa-poistovna-vienna-insurance-group/O5109295?search_id=8f6c7dbf-200a-4c82-9521-37aea152538e,2025-11-04,2026-01-16,False,Bratislava,2000 EUR gross/month,English: B1,"Bachelor, Master, PhD",,,Hybrid,Full-time,0-1 years,,
5185552,Field Service Engineer for Advanced Medical Devices,"SYNEKTIK Czech Republic, s.r.o.",https://www.profesia.sk/praca/synektik-czech-republic/O5185552?search_id=8f6c7dbf-200a-4c82-9521-37aea152538e,2025-11-04,2025-11-24,False,Banská Bystrica,2500 - 3500 EUR gross/month,"English, Czech/Slovak",,,,,Full-time,3-5 years,,
4959808,IT analytik ( integračné projekty),"Aliter Technologies, a.s.",https://www.profesia.sk/praca/aliter-technologies/O4959808?search_id=8f6c7dbf-200a-4c82-9521-37aea152538e,2025-11-04,2026-03-25,True,Bratislava,2300 EUR gross/month,English: B2,Bachelor,,,Hybrid,Full-time,2-5 years,,
5185540,BE Developer,"Aliter Technologies, a.s.",https://www.profesia.sk/praca/aliter-technologies/O5185540?search_id=8f6c7dbf-200a-4c82-9521-37aea152538e,2025-11-04,2026-02-07,False,Bratislava,2500 EUR gross/month,English: B2,Bachelor,"Java, React, Spring","Docker, Kubernetes, Apache Kafka, Maven, Gradle, GitLab, Nexus, Grafana, Prometheus",Hybrid,Full-time,5+ years,,
5157790,Senior Pega Developer / Pega Lead Engineer,"Accenture, s.r.o.",https://www.profesia.sk/praca/accenture/O5157790?search_id=8f6c7dbf-200a-4c82-9521-37aea152538e,2025-11-04,2026-03-25,True,,3000 - 4000 EUR gross/month,English: B2-C1,"Bachelor's or Master's degree in IT, business, or a related field","Pega, Kafka, REST API, SOAP","Docker, AWS",,Full-time,5+ years,,
5167716,Plant Controller,"Freudenberg Filtration Technologies Slovensko, s. r. o.",https://www.profesia.sk/praca/freudenberg-filtration-technologies-slovensko/O5167716?search_id=8f6c7dbf-200a-4c82-9521-37aea152538e,2025-11-04,2026-03-25,True,Potvorice,2100 EUR gross/month,English: B2,High School with Diploma,,"SAP, Microsoft Office 365",Hybrid,Full-time,0-1 years,,
5182197,Student Part-Time: Infrastructure Data Analyst,"HENKEL SLOVENSKO, spol. s r.o.",https://www.profesia.sk/praca/henkel-slovensko/O5182197?search_id=8f6c7dbf-200a-4c82-9521-37aea152538e,2025-11-04,2025-11-04,False,Bratislava,6 EUR/hour gross/hour,English: Fluent,"University student, preferably in the 2nd to 5th year of study",,"MS Excel, Power BI, Tableau",Hybrid (Job with occasional home office),Part-time,,,
5178436,Analyst Application Support,"HENKEL SLOVENSKO, spol. s r.o.",https://www.profesia.sk/praca/henkel-slovensko/O5178436?search_id=8f6c7dbf-200a-4c82-9521-37aea152538e,2025-11-04,2025-11-24,False,Bratislava,1600 EUR gross/month,English,,"Python, REST APIs","Power BI, Sharepoint, Azure devops, SAP",Hybrid,Full-time,0-1 years,,
5178265,Student .NET Developer,"Kistler Bratislava, s.r.o.",https://www.profesia.sk/praca/kistler-bratislava/O5178265?search_id=f1560aa1-ef9d-41c5-8c2b-672096e72aaf,2025-11-04,2025-11-04,False,Bratislava,7.5 EUR gross/hour,English: B2,University student,"C#, C++, Java, Python","FlaUI framework, WPF-based .NET solutions",Hybrid (occasional home office),Part-time,,,
5174155,Senior Kubernetes Systems Engineer - m/ž,"VOLKSWAGEN GROUP SERVICES, s.r.o.",https://www.profesia.sk/praca/volkswagen-group-services/O5174155?search_id=f1560aa1-ef9d-41c5-8c2b-672096e72aaf,2025-11-04,2026-03-25,True,Bratislava,3300 EUR gross/month,English: B2,High School with Diploma,,"HELM, Ansible, Terraform",Home-Office,Full-time,3 years,,
5174154,Senior Azure Administrator - m/ž,"VOLKSWAGEN GROUP SERVICES, s.r.o.",https://www.profesia.sk/praca/volkswagen-group-services/O5174154?search_id=f1560aa1-ef9d-41c5-8c2b-672096e72aaf,2025-11-04,2025-11-24,False,Bratislava,3000 EUR gross/month,English: B2,High School with Diploma,,"Azure, New Relic Dashboard, NRQL, Ansible, Terraform, CloudFormation, Concourse CI, Kubernetes, EKS, Docker, ELK Stack, Jira, Git",Home-Office,Full-time,3+ years,,
5174153,Ansible Tower/AWX Support Specialist - m/ž,"VOLKSWAGEN GROUP SERVICES, s.r.o.",https://www.profesia.sk/praca/volkswagen-group-services/O5174153?search_id=f1560aa1-ef9d-41c5-8c2b-672096e72aaf,2025-11-04,2026-03-25,True,Bratislava,2800 EUR gross/month,English: B2,High School with Diploma,,"Ansible Tower, Ansible AWX, Linux, Red Hat, Artifactory, Git, Bamboo",Home-Office,Full-time,,,
5170903,Test Developer,"Kistler Bratislava, s.r.o.",https://www.profesia.sk/praca/kistler-bratislava/O5170903?search_id=f1560aa1-ef9d-41c5-8c2b-672096e72aaf,2025-11-04,2025-11-04,False,Bratislava,2400 EUR gross/month,English: B2,Bachelor,"Python, Selenium, Robot Framework","Git, Jira",Hybrid,Full-time,4-5 years,,
5170513,Lead Architect for Detecon (migration and replacement of SAP HCM module and related HR systems),Deutsche Telekom IT Solutions Slovakia,https://www.profesia.sk/praca/deutsche-telekom-it-solutions-slovakia/O5170513?search_id=f1560aa1-ef9d-41c5-8c2b-672096e72aaf,2025-11-04,2025-11-24,False,Košice,2500 EUR gross/month,"English: C1, German: Advanced","Bachelor, Master",,"SAP HCM, MS Hubdrive",Hybrid (occasional home office),Full-time,5+ years,,
5161615,Data Reporting Analyst,ARVAL COMPETENCE CENTER,https://www.profesia.sk/praca/arval-competence-center/O5161615?search_id=f1560aa1-ef9d-41c5-8c2b-672096e72aaf,2025-11-04,2025-11-04,False,Bratislava,1800 EUR gross/month,"English: B2, Slovak: C2","Bachelor, Master, PhD","SQL, Dataiku","Excel, Power BI, Tableau",Hybrid,Full-time,2 years,,
5096477,Junior Business Analyst (part-time for students),"Accenture, s.r.o.",https://www.profesia.sk/praca/accenture/O5096477?search_id=f1560aa1-ef9d-41c5-8c2b-672096e72aaf,2025-11-04,2025-11-04,False,Bratislava,7.50 EUR gross/hour,"English: B2+, Slovak: B2+",High School with Diploma,,,,Part-time,0-1 years,,
5149226,Senior API Developer,Adient Slovakia s.r.o.,https://www.profesia.sk/praca/adient-slovakia/O5149226?search_id=f1560aa1-ef9d-41c5-8c2b-672096e72aaf,2025-11-04,2026-03-25,True,Bratislava,2800 EUR gross/month,,Fresh graduate,"Java, JavaScript, Python","Azure/AWS, Kubernetes, Logic apps, Cloud Monitoring tools",Hybrid,Full-time,2-4 years,,
5141270,Java Developer,Siemens Slovensko,https://www.profesia.sk/praca/siemens-slovensko/O5141270?search_id=f1560aa1-ef9d-41c5-8c2b-672096e72aaf,2025-11-04,2026-03-25,True,Žilina,1800 EUR gross/month,English: B2,"Bachelor, Master",Java,"Gitlab, Git, OpenJFX, Maven, JUnit",Hybrid,Full-time,0-1 years,,
5114266,C++ Developer for engineering tools,Siemens Slovensko,https://www.profesia.sk/praca/siemens-slovensko/O5114266?search_id=f1560aa1-ef9d-41c5-8c2b-672096e72aaf,2025-11-04,2026-03-25,True,Žilina,1800 EUR gross/month,English: B2,"Bachelor, Master",C++,,Hybrid,Full-time,,,
5059014,HR Systems Analyst (SuccessFactors focus),"UNIQA 4WARD, organizačná zložka",https://www.profesia.sk/praca/uniqa-4ward-organizacna-zlozka/O5059014?search_id=f1560aa1-ef9d-41c5-8c2b-672096e72aaf,2025-11-04,2025-11-04,False,Bratislava,2100 EUR gross/month,"English, Slovak",Bachelor,,,Hybrid,Full-time,2-5 years,,
4774681,Software Developer SAP Platform,"HENKEL SLOVENSKO, spol. s r.o.",https://www.profesia.sk/praca/henkel-slovensko/O4774681?search_id=f1560aa1-ef9d-41c5-8c2b-672096e72aaf,2025-11-04,2026-03-25,True,Bratislava,2800 EUR gross/month,,,"SAP, ABAP","Docker, AWS",Hybrid,Full-time,3-5 years,,
5057335,Customer Support Specialist (Pharmaceutical Industry),Arcondis Solutions s.r.o.,https://www.profesia.sk/praca/arcondis-solutions/O5057335?search_id=f1560aa1-ef9d-41c5-8c2b-672096e72aaf,2025-11-04,2026-03-25,True,Košice,850 - 1 300 EUR gross/month,"English: C1, German: B2",High School with Diploma,,,Hybrid,Full-time,,,
5185438,Programátor (aj junior/začiatočník),SUNSOFT plus spol. s r.o.,https://www.profesia.sk/praca/sunsoft-plus/O5185438?search_id=f1560aa1-ef9d-41c5-8c2b-672096e72aaf,2025-11-04,2025-11-24,False,Dolný Kubín,1200 - 1800 EUR gross/month,English: B1,High School with Diploma,"C#, .NET, JavaScript, SQL",,On-site,Full-time,,,
5185411,Odborný zamestnanec - správca počitačovej siete,Súkromná stredná odborná škola služieb Poprad,https://www.profesia.sk/praca/sukromna-stredna-odborna-skola-sluzieb-poprad/O5185411?search_id=f1560aa1-ef9d-41c5-8c2b-672096e72aaf,2025-11-04,2025-11-24,False,Poprad,,,High School with Diploma,,,,Full-time,,,
5185383,React Native Developer,"Asseco Central Europe, a.s.",https://www.profesia.sk/praca/asseco-central-europe/O5185383?search_id=f1560aa1-ef9d-41c5-8c2b-672096e72aaf,2025-11-04,2025-11-24,False,Bratislava,2000 EUR gross/month,,"Bachelor, Master",React Native,"Turborepo, Expo, React Native Web, Zustand, React Query, SQLite",Hybrid,Full-time,,,
5185382,iOS Developer,"Asseco Central Europe, a.s.",https://www.profesia.sk/praca/asseco-central-europe/O5185382?search_id=f1560aa1-ef9d-41c5-8c2b-672096e72aaf,2025-11-04,2025-11-24,False,Bratislava,2000 EUR gross/month,English: B2,Bachelor,"Swift, Objective-C","iOS SDK, Xcode",Hybrid,Full-time,,,
5185381,Tech Lead,"Asseco Central Europe, a.s.",https://www.profesia.sk/praca/asseco-central-europe/O5185381?search_id=f1560aa1-ef9d-41c5-8c2b-672096e72aaf,2025-11-04,2025-11-24,False,Bratislava,3000 EUR gross/month,,"Bachelor, Master","Java (Spring Boot), Angular, React","Docker, CI/CD tools (e.g. GitLab CI, Jenkins)",Hybrid,Full-time,,,
5185227,Junior DevOps Engineer - Žilina,PANTHEON.team,https://www.profesia.sk/praca/pantheon-team/O5185227?search_id=f1560aa1-ef9d-41c5-8c2b-672096e72aaf,2025-11-04,2026-03-25,True,Žilina,1500 EUR gross/month,English: B2,High School with Diploma,"Bash, Python",,Hybrid,Full-time,,,
5177502,Software Tester,"Ardaco, a.s.",https://www.profesia.sk/praca/ardaco/O5177502?search_id=a41c6cff-2510-4a9f-b598-41738012d533,2025-11-04,2025-11-04,False,Bratislava,2200 EUR gross/month,,High School with Diploma,,,Hybrid,Full-time,0-1 years,,
5168508,Experienced UX Designer with Figma - Žilina,PANTHEON.team,https://www.profesia.sk/praca/pantheon-team/O5168508?search_id=a41c6cff-2510-4a9f-b598-41738012d533,2025-11-04,2025-11-24,False,Žilina,2400 EUR gross/month,English: B2,High School with Diploma,,Figma,Hybrid,Full-time,3-5 years,,
5168506,Experienced UX Designer with Figma - Banská Bystrica,PANTHEON.team,https://www.profesia.sk/praca/pantheon-team/O5168506?search_id=a41c6cff-2510-4a9f-b598-41738012d533,2025-11-04,2025-11-24,False,Banská Bystrica,2400 EUR gross/month,English: B2,High School with Diploma,,,Hybrid,Full-time,3-5 years,,
5167691,Experienced UX Designer with Figma - Bratislava,PANTHEON.team,https://www.profesia.sk/praca/pantheon-team/O5167691?search_id=a41c6cff-2510-4a9f-b598-41738012d533,2025-11-04,2025-11-24,False,Bratislava,2400 EUR gross/month,English: B2,High School with Diploma,,Figma,Hybrid,Full-time,3-5 years,,
5185348,Pantheon Academy for Trainees with Java - Banská Bystrica,PANTHEON.team,https://www.profesia.sk/praca/pantheon-team/O5185348?search_id=a41c6cff-2510-4a9f-b598-41738012d533,2025-11-04,2025-11-24,False,Banská Bystrica,1100 EUR gross/month,English: B2,High School with Diploma,Java,,Hybrid (on-site and home office),Full-time,,,
5185186,Pantheon Academy for Trainees with Java - Žilina,PANTHEON.team,https://www.profesia.sk/praca/pantheon-team/O5185186?search_id=a41c6cff-2510-4a9f-b598-41738012d533,2025-11-04,2025-11-24,False,Žilina,1100 EUR gross/month,English: B2,High School with Diploma,Java,,Hybrid (on-site and home office),Full-time,,,
5177512,Junior Retail Administrator,Dormeo Home Slovakia spol. s r. o.,https://www.profesia.sk/praca/dormeo-home-slovakia/O5177512?search_id=a41c6cff-2510-4a9f-b598-41738012d533,2025-11-04,2025-11-04,False,Bratislava,1400 EUR gross/month,"Slovak: C2, English: B2",High School with Diploma,,,Hybrid,Full-time,0-1 years,,
1556327,Senior Verification & Validation Engineer / Test Engineer,Framatome Controls s. r. o.,https://www.profesia.sk/praca/framatome-controls/O1556327?search_id=a41c6cff-2510-4a9f-b598-41738012d533,2025-11-04,2026-03-23,False,Bratislava,2300 EUR gross/month,English,"Bachelor, Master","C/C++, Python",,Hybrid,Full-time,3-5 years,,
5177087,Senior Laravel Developer,Roman Berešík,https://www.profesia.sk/praca/roman-beresik/O5177087?search_id=a41c6cff-2510-4a9f-b598-41738012d533,2025-11-04,2025-11-04,False,Bratislava,3000 - 6000 EUR gross/month,English: B2,High School with Diploma,"Laravel, Vue.js, FastAPI, SQL, HTML, GIT","Docker, AWS, Stripe, OpenAI, Google Cloud",Hybrid,Full-time,3-5 years,,
5185300,Databázový špecialista so zameraním na AWS Cloud,"Tatra banka, a.s.",https://www.profesia.sk/praca/tatra-banka/O5185300?search_id=a41c6cff-2510-4a9f-b598-41738012d533,2025-11-04,2025-11-24,False,Bratislava,3000 EUR gross/month,English,"Bachelor, Master",,"AWS, Cloud Formation, Oracle, PostgreSQL",Full-time,Full-time,,,
5185299,Aplikačný IT architekt – oblasť investovania,"Tatra banka, a.s.",https://www.profesia.sk/praca/tatra-banka/O5185299?search_id=a41c6cff-2510-4a9f-b598-41738012d533,2025-11-04,2025-11-18,False,Bratislava,3200 EUR gross/month,English,"Bachelor, Master","Kafka, microservisná architektúra, cloud","Docker, AWS",Hybrid,Full-time,3-5 years,,
5185297,ČSOB Aplikačný inžinier (M/Ž),ČSOB Finančná skupina,https://www.profesia.sk/praca/csob-financna-skupina/O5185297?search_id=a41c6cff-2510-4a9f-b598-41738012d533,2025-11-04,2025-11-24,False,Bratislava,2700 EUR gross/month,English: B2,High School with Diploma,"Python, Bash, Powershell","Tomcat, Apache web server, JVM, SQL, IIS, Docker, AWS, Openshift, Ansible",Hybrid,Full-time,,,
5185296,Aplikačný administrátor ČSOB (M/Ž),ČSOB Finančná skupina,https://www.profesia.sk/praca/csob-financna-skupina/O5185296?search_id=a41c6cff-2510-4a9f-b598-41738012d533,2025-11-04,2025-11-24,False,Bratislava,2000 EUR gross/month,English: B1,High School with Diploma,"Python, Powershell, Bash","Docker, AWS, JBOSS, Tomcat, IIS",Hybrid,Full-time,3-5 years,,
5185295,ČSOB Test Manager (M/Ž),ČSOB Finančná skupina,https://www.profesia.sk/praca/csob-financna-skupina/O5185295?search_id=a41c6cff-2510-4a9f-b598-41738012d533,2025-11-04,2025-11-24,False,Bratislava,2500 EUR gross/month,English: B2,"Bachelor, Master",,,Hybrid,Full-time,3-5 years,,
5185288,IT Technik,DEKRA kvalifikácia a poradenstvo s.r.o.,https://www.profesia.sk/praca/dekra-kvalifikacia-a-poradenstvo/O5185288?search_id=a41c6cff-2510-4a9f-b598-41738012d533,2025-11-04,2025-11-24,False,Prešov,1600 EUR gross/month,"Slovak: C2, English: B1",High School with Diploma,,,,Full-time,,,
5169617,"Agilný projekt. Strategická rola. Architekt, ktorý prepája.","Tatra banka, a.s.",https://www.profesia.sk/praca/tatra-banka/O5169617?search_id=a41c6cff-2510-4a9f-b598-41738012d533,2025-11-04,2025-11-17,False,Bratislava,3200 EUR gross/month,English: B2,"Bachelor, Master",,,On-site with home office,Full-time,3-5 years,,
5091709,Data Administrator / Mediator,"LG Tech Services, s.r.o.",https://www.profesia.sk/praca/lg-tech-services/O5091709?search_id=a41c6cff-2510-4a9f-b598-41738012d533,2025-11-04,2025-11-04,False,Banská Bystrica,1100 EUR gross/month,English: B2,High School with Diploma,,,Hybrid,Full-time,,,
5185254,Konzultant ERP (mzdy a ekonomika) – posuň biznis našich klientov vpred,"Asseco Solutions, a.s.",https://www.profesia.sk/praca/asseco-solutions/O5185254?search_id=a41c6cff-2510-4a9f-b598-41738012d533,2025-11-04,2025-11-24,False,Bratislava,1600 EUR gross/month,Slovak: Expert (C2),High School with Diploma,,,Hybrid,Full-time,1-3 years,,
5185233,Software Engineer,Zebra Technologies Slovakia s.r.o.,https://www.profesia.sk/praca/zebra-technologies-slovakia/O5185233?search_id=a41c6cff-2510-4a9f-b598-41738012d533,2025-11-04,2025-11-18,False,Bratislava,3000 EUR gross/month,,"Bachelor, Master","Bash, Python, C++","Docker, Jenkins, GitHub Actions, Ansible, Conan, Git, ROS (Robot Operating System)",Hybrid,Full-time,,,
5185169,Service delivery manager,UNIVERSAL maklérsky dom a.s.,https://www.profesia.sk/praca/universal-maklersky-dom/O5185169?search_id=a41c6cff-2510-4a9f-b598-41738012d533,2025-11-04,2025-11-04,False,Bratislava,2200 EUR gross/month,Slovak: C2,"Bachelor, Master, PhD",,,Hybrid,Full-time,4 years,,
5185213,Senior Python Developer,"Zurich Insurance Company Ltd, organizačná zložka",https://www.profesia.sk/praca/zurich-insurance-company-ltd-organizacna-zlozka/O5185213?search_id=115f063a-3083-48af-83a7-8064f0fbf9a2,2025-11-04,2025-11-24,False,Bratislava,3000 EUR gross/month,English: B2,High School with Diploma,"Python, Django, Flask, FastAPI","Docker, Kubernetes, PostgreSQL, MongoDB, Git",Hybrid,Full-time,5+ years,,
5185203,TeamLead Analyst,Stengl a.s.,https://www.profesia.sk/praca/stengl/O5185203?search_id=115f063a-3083-48af-83a7-8064f0fbf9a2,2025-11-04,2025-11-18,False,Bratislava,3000 EUR gross/month,English: B1,"Bachelor, Master",,"Enterprise Architect, UML",Hybrid,Full-time,5+ years,,
5185198,.NET Technical Lead,Stengl a.s.,https://www.profesia.sk/praca/stengl/O5185198?search_id=115f063a-3083-48af-83a7-8064f0fbf9a2,2025-11-04,2025-11-24,False,Bratislava,3500 EUR gross/month,English: B2,"Bachelor, Master","C#, ASP.NET, ASP.NET Core, SQL",,Hybrid (1-2 days/week at home),Full-time,5+ years,,
5185194,Implementation Engineer Junior,Binary Confidence s.r.o.,https://www.profesia.sk/praca/binary-confidence/O5185194?search_id=115f063a-3083-48af-83a7-8064f0fbf9a2,2025-11-04,2025-11-24,False,Bratislava,8 EUR/hour gross,English: B2,High School with Diploma,,,Hybrid,Full-time,0-1 years,,
4977802,MS SQL databázový programátor,"Prima banka Slovensko, a.s.",https://www.profesia.sk/praca/prima-banka-slovensko/O4977802?search_id=115f063a-3083-48af-83a7-8064f0fbf9a2,2025-11-04,2026-03-25,True,Žilina,1800 EUR gross/month,English: B2,Bachelor,"C#, .NET, SQL","Azure DevOps, Microsoft MS SQL Management Studio, Spotlight on SQL Server, Microsoft Visual Studio",Full-time,Full-time,2-3 years,,
4903824,IT Podpora,"Prima banka Slovensko, a.s.",https://www.profesia.sk/praca/prima-banka-slovensko/O4903824?search_id=115f063a-3083-48af-83a7-8064f0fbf9a2,2025-11-04,2026-02-03,False,Žilina,1250 EUR gross/month,English: A1,High School with Diploma,,,On-site,Full-time,0-1 years,,
4768200,Analytik DWH/BI,"Prima banka Slovensko, a.s.",https://www.profesia.sk/praca/prima-banka-slovensko/O4768200?search_id=115f063a-3083-48af-83a7-8064f0fbf9a2,2025-11-04,2026-02-07,False,Žilina,1400 EUR gross/month,English: B2,Bachelor,,"SQL, IBM Db2, MS SQL",,Full-time,1-3 years,,
5115603,Správca IT systémov,"Prima banka Slovensko, a.s.",https://www.profesia.sk/praca/prima-banka-slovensko/O5115603?search_id=115f063a-3083-48af-83a7-8064f0fbf9a2,2025-11-04,2026-03-25,True,Žilina,1400 EUR gross/month,,"Bachelor, Master",,,,Full-time,2-5 years,,
5184331,Systémový administrátor Windows/Linux s nemeckým jazykom,detect s. r. o.,https://www.profesia.sk/praca/detect/O5184331?search_id=115f063a-3083-48af-83a7-8064f0fbf9a2,2025-11-04,2025-11-24,False,Vienna,3500 EUR gross/month,German: B2,High School with Diploma,,,Hybrid,Full-time,3-5 years,,
5097223,Senior PHP programozó,furbify,https://www.profesia.sk/praca/furbify/O5097223?search_id=115f063a-3083-48af-83a7-8064f0fbf9a2,2025-11-04,2025-12-17,False,Kolárovo,2000 EUR gross/month,"Hungarian: C1, Slovak: B1, English: B2",Post-secondary / Higher Vocational,PHP8+,,Full-time,Full-time,3-5 years,,
5184352,Expert na virtualizáciu VMware | Proxmox | Red Hat OpenShift s nemeckým jazykom,detect s. r. o.,https://www.profesia.sk/praca/detect/O5184352?search_id=115f063a-3083-48af-83a7-8064f0fbf9a2,2025-11-04,2025-11-24,False,Vienna,3500 EUR gross/month,"English: B2, German: B2","Bachelor, Master, PhD",,"VMware, Proxmox, Red Hat OpenShift, Docker, Ansible, Terraform",Hybrid,Full-time,3-5 years,,
5185155,Špecialista digitálnych produktov,ALEX PETERSON s.r.o.,https://www.profesia.sk/praca/alex-peterson/O5185155?search_id=115f063a-3083-48af-83a7-8064f0fbf9a2,2025-11-04,2025-11-24,False,Bratislava,2300 EUR gross/month,,Bachelor,,"Figma, Canva",Hybrid,Full-time,0-1 years,,
5185149,"Cyber Security Specialist - Hybrid (12-month fixed-term contract, extendable)",Swiss Re,https://www.profesia.sk/praca/swiss-re/O5185149?search_id=115f063a-3083-48af-83a7-8064f0fbf9a2,2025-11-04,2025-11-24,False,Bratislava,1500 - 2500 EUR gross/month,English: B2,"University education (Bachelor's degree), University education (Master's degree), Postgraduate (Doctorate)",,,Hybrid,Full-time,0-1 years,,
5176909,Senior PHP Developer  - Vytváraj s nami digitálne ekosystémy a produkty budúcnosti,SCR technologies s.r.o.,https://www.profesia.sk/praca/scr-technologies/O5176909?search_id=115f063a-3083-48af-83a7-8064f0fbf9a2,2025-11-04,2025-11-04,False,Banská Bystrica,2800 - 3800 EUR gross/month,,"High School with Diploma, Bachelor, Master","PHP, JavaScript, Laravel","Git, Docker, CI/CD, ElasticSearch",Home-Office,Full-time,5+ years,,
5154916,Senior lead developer,VNET a.s.,https://www.profesia.sk/praca/vnet/O5154916?search_id=115f063a-3083-48af-83a7-8064f0fbf9a2,2025-11-04,2025-11-04,False,Bratislava,3300 EUR gross/month,"English: B1, Slovak: B1",High School with Diploma,Python: Advanced,"Docker: Advanced, GIT: Advanced",Hybrid,Full-time,2 years,,
5185088,Pricing Python Developer,"Zurich Insurance Company Ltd, organizačná zložka",https://www.profesia.sk/praca/zurich-insurance-company-ltd-organizacna-zlozka/O5185088?search_id=115f063a-3083-48af-83a7-8064f0fbf9a2,2025-11-04,2025-11-24,False,Bratislava,2000 EUR gross/month,English: B2,Bachelor,Python,"Databricks, Git, DevOps",Hybrid,Full-time,1-3 years,,
5174997,Senior SAP IS-U CRM konzultant,"Stredoslovenská distribučná, a.s.",https://www.profesia.sk/praca/stredoslovenska-distribucna/O5174997?search_id=115f063a-3083-48af-83a7-8064f0fbf9a2,2025-11-04,2026-03-16,False,Bratislava,2000 EUR gross/month,English: B2,"Bachelor, Master","ABAP, SAP ISU, SAP CRM",Microsoft Office 365,Home-Office,Full-time,,,
5185047,Data Analytics Engineer,Swiss Re,https://www.profesia.sk/praca/swiss-re/O5185047?search_id=115f063a-3083-48af-83a7-8064f0fbf9a2,2025-11-04,2026-03-16,False,Bratislava,3300 - 5500 EUR gross/month,English: B2,Bachelor,"Python, PySpark, JavaScript/TypeScript","Palantir Foundry, Workshop (low-code)",Hybrid,Full-time,6+ years,,
5185045,Biznis analytik pre elektronické služby a reporting,"Všeobecná zdravotná poisťovňa, a. s.",https://www.profesia.sk/praca/vseobecna-zdravotna-poistovna/O5185045?search_id=115f063a-3083-48af-83a7-8064f0fbf9a2,2025-11-04,2025-11-24,False,Bratislava,1800 EUR gross/month,,"High School with Diploma, Post-secondary / Higher Vocational",,,Hybrid,Full-time,2 years,,
5185040,Senior Network System Engineer,"SOITRON, s.r.o.",https://www.profesia.sk/praca/soitron/O5185040?search_id=115f063a-3083-48af-83a7-8064f0fbf9a2,2025-11-04,2025-11-24,False,Bratislava,2600 EUR gross/month,"English: B2, Slovak: C1","Bachelor, Master",,,,Full-time,5+ years,,
5182409,Senior Lead Developer,SourceFirst International s.r.o.,https://www.profesia.sk/praca/sourcefirst-international/O5182409?search_id=d5020c65-a244-47be-9258-1b153862d19e,2025-11-04,2026-01-06,False,Bratislava,3300 - 4000 EUR gross/month,,"High School with Diploma, Bachelor, Master",Python,"PostgreSQL, Docker, GIT, HTML, CSS",Hybrid,Full-time,,,
5182410,"IT Analytik (UML, EA)",SourceFirst International s.r.o.,https://www.profesia.sk/praca/sourcefirst-international/O5182410?search_id=d5020c65-a244-47be-9258-1b153862d19e,2025-11-04,2025-11-24,False,Bratislava,2000 - 4000 EUR gross/month,,"High School with Diploma, Bachelor, Master",,"UML, EA, Enterprise Architect",Hybrid (50% Home Office),Full-time,,,
5182411,"Senior Java Developer (IDEA, maven, git/gitlab, JIRA, Confluence)",SourceFirst International s.r.o.,https://www.profesia.sk/praca/sourcefirst-international/O5182411?search_id=d5020c65-a244-47be-9258-1b153862d19e,2025-11-04,2025-11-24,False,Bratislava,3500 - 4500 EUR gross/month,,"High School with Diploma, Post-secondary / Higher Vocational, Bachelor, Master",Java,"IDEA, maven, git/gitlab, JIRA, Confluence, Spring, JDBC (SQL), Messaging, Caching",Hybrid,Full-time,,,
5182412,Linux Support Specialist (L2/L3),SourceFirst International s.r.o.,https://www.profesia.sk/praca/sourcefirst-international/O5182412?search_id=d5020c65-a244-47be-9258-1b153862d19e,2025-11-04,2025-11-24,False,Bratislava,1800 EUR gross/month,English: Very good,High School with Diploma,"Linux shell, TCP/IP, SSH, DHCP, NFS, HTTP","DRBD, Pacemaker, RedHat Cluster",Hybrid (Job with occasional home office),Full-time,,,
5182414,"Senior Analytics & AI Engineer (Python,Generative AI)",SourceFirst International s.r.o.,https://www.profesia.sk/praca/sourcefirst-international/O5182414?search_id=d5020c65-a244-47be-9258-1b153862d19e,2025-11-04,2025-11-24,False,Bratislava,3300 - 4500 EUR gross/month,English,,"Python, PySpark","Palantir, Azure, Microsoft Power BI, Typescript",Hybrid with home office,Full-time,,,
5182415,"Solution Architect (UML,EA, Java, Docker.",SourceFirst International s.r.o.,https://www.profesia.sk/praca/sourcefirst-international/O5182415?search_id=d5020c65-a244-47be-9258-1b153862d19e,2025-11-04,2025-11-24,False,Bratislava,3000 - 5000 EUR gross/month,,"High School with Diploma, Bachelor, Master",Java,"UML, EA, Docker",Hybrid,Full-time,,,
5182417,"IT Tech Lead (JavaScript, TypeScript, Angular, Node)",SourceFirst International s.r.o.,https://www.profesia.sk/praca/sourcefirst-international/O5182417?search_id=d5020c65-a244-47be-9258-1b153862d19e,2025-11-04,2025-11-24,False,Bratislava,3000 EUR gross/month,English: B2,Bachelor,"TypeScript, C++, Python, Java",,,Full-time,3-5 years,,
5182419,Product Manager with German language (Position with travel abroad.,SourceFirst International s.r.o.,https://www.profesia.sk/praca/sourcefirst-international/O5182419?search_id=d5020c65-a244-47be-9258-1b153862d19e,2025-11-04,2025-11-24,False,Bratislava region,3800 - 5000 EUR gross/month,"English: B2, German: B2","Bachelor, Master, Postgraduate",,,Hybrid (home office up to 60% a week),Full-time,3+ years,,
5182948,"Data/Application Engineer (Python, PySpark, SQL)",SourceFirst International s.r.o.,https://www.profesia.sk/praca/sourcefirst-international/O5182948?search_id=d5020c65-a244-47be-9258-1b153862d19e,2025-11-04,2025-11-24,False,Bratislava,2400 - 4000 EUR gross/month,English: Proficient,Bachelor,"Python, PySpark, SQL, TypeScript","Docker, AWS, Azure DevOps, Jira",Hybrid,Full-time,4-6 years,,
5182953,"Senior Application Administrator (Azure DevOps, Azure Data Factory, MS SQL)",SourceFirst International s.r.o.,https://www.profesia.sk/praca/sourcefirst-international/O5182953?search_id=d5020c65-a244-47be-9258-1b153862d19e,2025-11-04,2025-11-24,False,Bratislava,2700 - 4000 EUR gross/month,,High School with Diploma,,"Azure DevOps, Azure Data Factory, MS SQL",Hybrid,Full-time,3-5 years,,
5182955,"React Native Developer (Turborepo, Zustand, SQLite)",SourceFirst International s.r.o.,https://www.profesia.sk/praca/sourcefirst-international/O5182955?search_id=d5020c65-a244-47be-9258-1b153862d19e,2025-11-04,2025-11-24,False,Bratislava,2000 - 4000 EUR gross/month,,"High School with Diploma, Bachelor, Master","React Native, Expo, TurboRepo, Zustand, SQLite","Docker, AWS, React Query",Hybrid,Full-time,,,
5182957,"Tech Leader (Java, Angular/React)",SourceFirst International s.r.o.,https://www.profesia.sk/praca/sourcefirst-international/O5182957?search_id=d5020c65-a244-47be-9258-1b153862d19e,2025-11-04,2025-11-24,False,Bratislava,3000 - 5000 EUR gross/month,,"High School with Diploma, Bachelor, Master","Java, Angular, React","Docker, CI/CD tools (e.g. GitLab CI, Jenkins), Oracle, PostgreSQL, Linux",Hybrid,Full-time,,,
5182958,"Web Automation Tester (Cypress/Selenium/Playwright, TypeScript)",SourceFirst International s.r.o.,https://www.profesia.sk/praca/sourcefirst-international/O5182958?search_id=d5020c65-a244-47be-9258-1b153862d19e,2025-11-04,2025-11-24,False,Bratislava,2100 - 3000 EUR gross/month,,High School with Diploma,TypeScript,"Cypress, Selenium, Playwright",Hybrid home office,Full-time,3-5 years,,
5183512,IT Analytik (Bratislava/Žilina),SourceFirst International s.r.o.,https://www.profesia.sk/praca/sourcefirst-international/O5183512?search_id=d5020c65-a244-47be-9258-1b153862d19e,2025-11-04,2025-11-24,False,Bratislava,2500 - 5600 EUR gross/month,,"High School with Diploma, Bachelor, Master",,"Enterprise Architect, SQL, REST API, webové aplikácie",Hybrid,Full-time,3+ years,,
5183517,"Medior/Senior Java Engineer (Java, Springboot, Azure/AWS/GCP)",SourceFirst International s.r.o.,https://www.profesia.sk/praca/sourcefirst-international/O5183517?search_id=d5020c65-a244-47be-9258-1b153862d19e,2025-11-04,2025-11-24,False,Bratislava,3000 - 5000 EUR gross/month,,High School with Diploma,Java,"Spring Boot, Azure/AWS/GCP",Hybrid,Full-time,,,
5183909,"DevOps Specialist (CI/CD, Networkig, GitOps, Monitoring)",SourceFirst International s.r.o.,https://www.profesia.sk/praca/sourcefirst-international/O5183909?search_id=d5020c65-a244-47be-9258-1b153862d19e,2025-11-04,2025-11-24,False,Bratislava,2200 EUR gross/month,,"High School with Diploma, Bachelor, Master","Docker, Kubernetes, Python","GitLab, Jenkins, Prometheus, Grafana, ELK stack",Hybrid,Full-time,,,
5183910,SW Architekt / SW líder (Java stack),SourceFirst International s.r.o.,https://www.profesia.sk/praca/sourcefirst-international/O5183910?search_id=d5020c65-a244-47be-9258-1b153862d19e,2025-11-04,2025-11-24,False,Bratislava,3600 - 5000 EUR gross/month,,"High School with Diploma, Post-secondary / Higher Vocational, Bachelor, Master","Java, Spring Boot, Kubernetes, Docker, Apache Kafka, Grafana, Prometheus","Jenkins, GitLab, Azure (AWS)",Hybrid,Full-time,,,
5183915,"IT Tester (automatizovaný + manuálny testing, Playwright, qTest)",SourceFirst International s.r.o.,https://www.profesia.sk/praca/sourcefirst-international/O5183915?search_id=d5020c65-a244-47be-9258-1b153862d19e,2025-11-04,2025-11-24,False,Bratislava,1800 - 2500 EUR gross/month,,"High School with Diploma, Bachelor, Master",,"Playwright, qTest",Hybrid (50% Home Office),Full-time,2-5 years,,
5183916,"Java Developer (Java, Springboot, Docker)",SourceFirst International s.r.o.,https://www.profesia.sk/praca/sourcefirst-international/O5183916?search_id=d5020c65-a244-47be-9258-1b153862d19e,2025-11-04,2025-11-24,False,Bratislava,2200 - 4000 EUR gross/month,,"High School with Diploma, Bachelor, Master","Java, Spring Boot",Docker,Hybrid,Full-time,4+ years,,
5183917,"Senior PHP Developer (Laravel, Nette)",SourceFirst International s.r.o.,https://www.profesia.sk/praca/sourcefirst-international/O5183917?search_id=d5020c65-a244-47be-9258-1b153862d19e,2025-11-04,2025-11-24,False,Bratislava,3500 - 4500 EUR gross/month,,"High School with Diploma, Bachelor, Master","PHP, Laravel, Nette","PhpStorm, Git/Gitlab, JIRA, Confluence, Docker, Saltstack, MySQL, PostgreSQL, Kafka, RabbitMQ",Hybrid,Full-time,4+ years,,
