Programming Language,Count
SQL,53
Python,45
JavaScript,35
Java,33
C#,31
PowerShell,22
C++,20
.NET,18
TypeScript,13
ABAP,13
CSS,13
HTML,12
Angular,7
React,6
Apex,5
Node.js,5
C,5
REST API,5
ASP.NET Core,5
Rust,5
Blazor,4
.NET (C#),4
Bash,4
PHP,4
Terraform,4
Lightning,3
Visualforce,3
NoSQL,3
DAX,3
SAP ABAP,3
MS SQL,3
PowerCLI,3
LabVIEW,2
SQL Server,2
Salesforce,2
.Net Blazor,2
MySQL,2
Power Automate,2
.Net,2
LabVIEW FPGA,2
PL/SQL,2
ReactJS,2
ASP.Net,2
.NET C#,2
PySpark,2
C/C++,2
Shell scripting,2
PLSQL,1
pgSQL,1
CDS view,1
Scripting Language,1
TIA,1
SAP ABAP OO,1
ODATA,1
Kotlin,1
BASH,1
SPS,1
Entity Framework,1
.NET Framework,1
ASP.NET,1
T-SQL,1
HTML4,1
Perl,1
Shell/Bash,1
VBA,1
Siemens S7,1
C#/.NET,1
Solana,1
Java (J2EE),1
XML,1
OneDrive,1
Dataverse,1
SharePoint,1
PowerApps,1
Protobuf,1
Substrate,1
NEAR,1
PLC,1
IEC 61131-3,1
M,1
IEC61131-3,1
C/C++/C#,1
Structured Text (IEC 61131),1
.NET 6+,1
gRPC,1
REST,1
MS-SQL,1
Matlab/Simulink,1
Java-Script,1
Microsoft Power Automate,1
Microsoft Power Apps,1
PowerPivot,1
Swift 5.5+,1
Power BI,1
ABAP WebDynpro,1
ABAP OO,1
Git,1
.NET Core,1
Vue.js,1
.NET/C#,1
Spring,1
Microsoft Power BI,1
Hibernate,1
Shell Scripting,1
CL,1
ILE RPG,1
Shell,1
Ansible,1
Swift,1
R,1
Spring Boot,1
.Net Core,1
React/Next.js,1
Vue,1
STL,1
SCL,1
FBD,1
LAD,1
