Location,Profesia,Profession,CVOnline,Total
Bratislava,3441,0,0,3441
Nincs megadva,512,255,279,1046
Budapest,2,900,111,1013
Košice,648,0,0,648
Žilina,293,0,0,293
Germany,0,147,0,147
Banská Bystrica,95,0,0,95
Berlin,0,81,0,81
Nitra,56,0,0,56
Trenčín,54,0,0,54
Trnava,53,0,0,53
Remote,46,0,0,46
Prague,44,0,0,44
Munich,1,32,0,33
Németország,0,33,0,33
Debrecen,0,16,16,32
Zvolen,29,0,0,29
München,0,27,0,27
Hamburg,0,24,0,24
Prešov,24,0,0,24
Szeged,0,22,2,24
Dubnica nad Váhom,21,0,0,21
Poprad,20,0,0,20
Vienna,14,1,5,20
Wien,1,1,17,19
HÖCHST,0,0,19,19
Székesfehérvár,0,15,2,17
Zürich,1,15,0,16
Liptovský Mikuláš,16,0,0,16
Zurich,0,16,0,16
Switzerland,0,16,0,16
Budaörs,0,9,6,15
Kechnec,15,0,0,15
Považská Bystrica,14,0,0,14
Senica,14,0,0,14
Pécs,0,9,3,12
Kennelbach,0,0,12,12
Bochum,0,12,0,12
Oberopfingen,0,12,0,12
Mladá Boleslav,12,0,0,12
Nové Mesto nad Váhom,11,0,0,11
Kecskemét,0,7,4,11
Slovensko,11,0,0,11
Komárom,0,7,4,11
"Walldorf, Berlin, Eschborn, Gerlingen, Hamburg, Garchingen, Dresden, Ratingen, Hannover",0,11,0,11
Győr,0,9,2,11
Brno,11,0,0,11
Feldkirch,0,0,10,10
"Vienna, Linz, Graz, Berlin, Regensburg",0,10,0,10
Piešťany,10,0,0,10
Petržalka,9,0,0,9
Kysucké Nové Mesto,9,0,0,9
Rotkreuz,0,9,0,9
Sereď,9,0,0,9
Svájc,0,9,0,9
Miskolc,0,4,5,9
Horná Streda,9,0,0,9
Malacky,9,0,0,9
Düsseldorf,0,8,0,8
Žarnovica,8,0,0,8
Karlsruhe,0,8,0,8
Walldorf,0,8,0,8
Garching or Walldorf,0,8,0,8
Martin,8,0,0,8
Nové Zámky,8,0,0,8
Mochovce,8,0,0,8
Hlohovec,7,0,0,7
Geneva,1,6,0,7
Hungary,0,4,3,7
Garching bei München,0,6,0,6
Nová Dubnica,6,0,0,6
Nové Mesto,6,0,0,6
Gúta,6,0,0,6
Donauwörth,0,6,0,6
Cologne,0,6,0,6
Dolný Kubín,6,0,0,6
Prievidza,6,0,0,6
Bonaduz,0,6,0,6
Basel,0,6,0,6
Frankfurt,0,6,0,6
Liptovský Hrádok,6,0,0,6
Lozorno,6,0,0,6
Svätý Jur,5,0,0,5
Klaus,0,0,5,5
Bad Honnef,0,5,0,5
Winterthur,0,5,0,5
Komárno,5,0,0,5
Manching,0,5,0,5
Humenné,5,0,0,5
Lučenec,5,0,0,5
Hajdú-Bihar megye,0,1,4,5
Gbeľany,5,0,0,5
"Vienna, Linz, Graz, Berlin",0,5,0,5
Urdorf,0,5,0,5
Michalovce,5,0,0,5
Dunakeszi,0,5,0,5
"Bratislava, Košice",5,0,0,5
Ettlingen,0,5,0,5
Senec,5,0,0,5
Modřice,5,0,0,5
Dunajská Streda,4,0,0,4
Siófok,0,1,3,4
Chiasso,0,4,0,4
Gerlingen-Schillerhöhe,0,4,0,4
Chorvátsky Grob,4,0,0,4
Remscheid,0,4,0,4
Šamorín,4,0,0,4
Verl,0,4,0,4
Púchov,4,0,0,4
Stuttgart,0,4,0,4
"Bad Honnef, Berlin",0,4,0,4
Vígľaš,4,0,0,4
Krupina,4,0,0,4
Krušovce,4,0,0,4
Skalica,4,0,0,4
Immenstaad am Bodensee,0,4,0,4
Wiesbaden,0,4,0,4
Vecsés,0,1,2,3
Závažná Poruba,3,0,0,3
Zlaté Moravce,3,0,0,3
Üllő,0,2,1,3
Bardejov,3,0,0,3
Burgdorf,0,3,0,3
Cheb,3,0,0,3
Veszprém,0,3,0,3
Záborské,3,0,0,3
Spišská Nová Ves,3,0,0,3
"Slovensko, Česko",3,0,0,3
Thônex,0,3,0,3
Nyíregyháza,0,3,0,3
Plavecký Štvrtok,3,0,0,3
Pfäffikon,0,3,0,3
Pezinok,3,0,0,3
Podbrezová,3,0,0,3
Potvorice,3,0,0,3
Prešovský kraj,3,0,0,3
Slovakia,3,0,0,3
Essen,0,3,0,3
Eppelheim,0,3,0,3
Einbeck,0,3,0,3
Prilly,0,3,0,3
Sindelfingen,0,3,0,3
Davos,0,3,0,3
Dresden,0,3,0,3
Partizánske,3,0,0,3
Malý Krtíš,3,0,0,3
Levice,3,0,0,3
Lednické Rovne,3,0,0,3
Lausanne,0,3,0,3
Innsbruck,0,3,0,3
Nitriansky kraj,3,0,0,3
Meyrin,0,3,0,3
Ilava,3,0,0,3
Fót,0,3,0,3
Hettlingen,0,3,0,3
Kiskunhalas,0,0,3,3
Ivanka pri Dunaji,3,0,0,3
Veľké Úľany,3,0,0,3
Vorarlberg,0,0,2,2
Teplička nad Váhom,2,0,0,2
Aarburg,0,2,0,2
Tallinn,0,2,0,2
Barcelona,0,2,0,2
Zsámbék,0,2,0,2
"Berlin, Verl, Baden-Baden, Oslo",0,2,0,2
Böblingen,0,2,0,2
Trenčianska Turná,2,0,0,2
Trier,0,2,0,2
Triesen,0,2,0,2
Tata,0,1,1,2
Trstená,2,0,0,2
Tvrdošín,2,0,0,2
Valaliky,2,0,0,2
Kolárovo,2,0,0,2
Ivanka pri Nitre,2,0,0,2
Hanover,0,2,0,2
Hard,0,0,2,2
Wesel,0,2,0,2
Heves megye,0,2,0,2
Hannover,0,2,0,2
Bernolákovo,2,0,0,2
Biel/Bienne,0,2,0,2
Soroksár,0,0,2,2
Slovak Republic,2,0,0,2
"Slovak Republic, Austria, Abroad - Others",2,0,0,2
St. Leon-Rot,0,2,0,2
"Slovensko, Česko, Poľsko",2,0,0,2
Szatymaz,0,2,0,2
Dusseldorf,0,2,0,2
Dvory nad Žitavou,2,0,0,2
Rankweil,0,0,2,2
"Bratislavský kraj, Trnavský kraj, Nitriansky kraj",2,0,0,2
Erlangen,0,2,0,2
"Bratislava, Banská Bystrica, Žilina, Poprad",2,0,0,2
Bratislava/Košice,2,0,0,2
Renningen,0,2,0,2
Ružinov,2,0,0,2
Námestovo,2,0,0,2
Schlieren,0,2,0,2
Indianapolis,0,2,0,2
Istebné,2,0,0,2
Hinwil,0,2,0,2
Hoehenkirchen-Siegertsbrunn,0,2,0,2
Lungötz,2,0,0,2
Kaiserslautern,0,2,0,2
Kaposvár,0,2,0,2
Mannheim,0,2,0,2
Marianka,2,0,0,2
"Paks, Budapest, Szeged",0,2,0,2
Galanta,2,0,0,2
Garching,0,2,0,2
Nemecko,2,0,0,2
Gáň,2,0,0,2
Gütersloh,0,2,0,2
Gerlingen,0,2,0,2
"Germany, Austria, Switzerland",2,0,0,2
Graz,2,0,0,2
Mátészalka,0,0,2,2
Környe,0,2,0,2
Nižná,2,0,0,2
Norderstedt,0,2,0,2
Nuremberg,0,2,0,2
Heidelberg,0,2,0,2
London,0,2,0,2
Zavar,2,0,0,2
Zohor,2,0,0,2
Wetzlar,0,2,0,2
Érd,0,2,0,2
České Budějovice,2,0,0,2
Wiener Neudorf,0,0,2,2
Szombathely,0,2,0,2
Sárszentmihály,0,2,0,2
Bučany,2,0,0,2
Bytča,2,0,0,2
"Bratislavský kraj, Žilinský kraj",2,0,0,2
Yverdon-les-Bains,0,2,0,2
Bomlitz,2,0,0,2
Boston,0,2,0,2
"Bratislava region, Trnava region, Nitra region",2,0,0,2
Viedeň,2,0,0,2
Zug,0,2,0,2
Wietmarschen-Lohne,0,2,0,2
"Walldorf, Hamburg, Berlin, Ratingen, Eschborn, Gerlingen, Garching",0,2,0,2
Vysoké Tatry,2,0,0,2
Veľké Zálužie,2,0,0,2
Austria,0,0,2,2
Almásfüzitő,0,1,0,1
Alsónémedi,0,1,0,1
Amsterdam,0,1,0,1
"Ansbach, Nuremberg, Bazanowice",0,1,0,1
Attendorn,0,1,0,1
Austin,0,1,0,1
BALATONFÜRED,0,0,1,1
Wangen b. Dübendorf,0,1,0,1
Vrbové,1,0,0,1
Vráble,1,0,0,1
Várpalota,0,1,0,1
Veľké Kosihy,1,0,0,1
Voderady,1,0,0,1
Wiesbaum,1,0,0,1
Wietmarschen-Lohne or Osnabrück,0,1,0,1
Winnenden,0,1,0,1
Wuerzburg,0,1,0,1
Bojnice,1,0,0,1
Bonn,0,1,0,1
Bonyhád,0,0,1,1
Bern,0,1,0,1
Budča,1,0,0,1
Bystré,1,0,0,1
Bremen,1,0,0,1
Brezno,1,0,0,1
Brezová pod Bradlom,1,0,0,1
Thörishaus,0,1,0,1
Trebišov,1,0,0,1
Szlovákia,0,1,0,1
Szolnok,0,1,0,1
Sárospatak,0,1,0,1
Sárvár,0,1,0,1
Újhartyán,0,1,0,1
Überlingen,0,1,0,1
Baden,0,1,0,1
Zurich/Basel/Geneva,0,1,0,1
Zwingen,0,1,0,1
Záhony,0,0,1,1
Ács,0,1,0,1
Zalaegerszeg,0,1,0,1
Zlín,1,0,0,1
"Berlin, Bonn, Borchen, Dresden, Eschborn, Essen, Hamburg, Hanover, Ilmenau, Munich, Siegen, Stuttgart",0,1,0,1
Heerbrugg,0,1,0,1
Heidenheim,0,1,0,1
Hemer,0,1,0,1
"London, Berlin or Valencia",0,1,0,1
Los Angeles,0,1,0,1
Köln,0,1,0,1
Lachen,0,1,0,1
"Lausanne, Zurich",0,1,0,1
Liechtenstein,0,0,1,1
Nováky,1,0,0,1
Nemšová,1,0,0,1
Neu-Isenburg bei Frankfurt am Main,0,1,0,1
Neuchâtel,0,1,0,1
Nidau,0,1,0,1
Nitra region,1,0,0,1
Most pri Bratislave,1,0,0,1
Mátranovák,0,1,0,1
Mödling,0,0,1,1
"Cologne, Künzelsau",0,1,0,1
Continental Europe,0,1,0,1
Crissier,0,1,0,1
Csákvár,0,1,0,1
Greifensee,0,1,0,1
Gyöngyös,0,1,0,1
Götzis,0,0,1,1
Glattpark,0,1,0,1
Gomaringen,0,1,0,1
Füllinsdorf,0,1,0,1
Füzesabony,0,1,0,1
Gajary,1,0,0,1
Neckartenzlingen,0,1,0,1
Modra,1,0,0,1
Moravany nad Váhom,1,0,0,1
Mosonmagyaróvár,0,1,0,1
Plochingen,0,1,0,1
Plzeň,1,0,0,1
Porto,1,0,0,1
Potsdam,0,1,0,1
Pest County,0,0,1,1
Pest megye,0,1,0,1
Pilisjászfalu,0,1,0,1
Pilisszentiván,0,1,0,1
Okres Žiar nad Hronom,1,0,0,1
Oravská Lesná,1,0,0,1
Oslany,1,0,0,1
Paks,0,1,0,1
Pardubice,1,0,0,1
Patince,1,0,0,1
Jülich,0,1,0,1
Jülich/Aachen,0,1,0,1
Kaiseraugst,0,1,0,1
Marcali,0,1,0,1
Martinsried,0,1,0,1
Lucerne,0,1,0,1
Ludwigsburg,0,1,0,1
Luxembourg,0,1,0,1
Magyarország,0,1,0,1
Limassol,0,1,0,1
Linz,1,0,0,1
Lippstadt,0,1,0,1
Gbely,1,0,0,1
Feucht,0,1,0,1
Flawil,0,1,0,1
Frankfurt am Main,0,1,0,1
Frankfurt/Main,0,1,0,1
Freiburg (Breisgau),0,1,0,1
Härkingen,0,1,0,1
Hévíz,0,1,0,1
Holíč,1,0,0,1
Horná Potôň,1,0,0,1
Hatvan,0,1,0,1
Nyírtelek,0,1,0,1
Nänikon-Greifensee,0,1,0,1
Oberkochen,0,1,0,1
Oetwil am See,0,1,0,1
San Francisco,0,1,0,1
Seattle,0,1,0,1
Seon,0,1,0,1
Rumanová,1,0,0,1
Ružomberok,1,0,0,1
Rümlang,0,1,0,1
Sabinov,1,0,0,1
"Prešovský kraj, Košický kraj",1,0,0,1
Pusté Úľany,1,0,0,1
Brunovce,1,0,0,1
Bruntál,1,0,0,1
Buchs,0,1,0,1
"Bratislava, Žilina",1,0,0,1
"Bratislava, Žilina, Martin, Banská Bystrica",1,0,0,1
"Bratislavský kraj, Trenčiansky kraj, Trnavský kraj",1,0,0,1
"Bratislavský kraj, Trnavský kraj",1,0,0,1
Emmen,0,1,0,1
Esztergom,0,1,0,1
Duisburg,0,1,0,1
Dunaharaszti,0,1,0,1
Dunajská Lužná,1,0,0,1
Dunaújváros,0,1,0,1
Devín,1,0,0,1
Devínska Nová Ves,1,0,0,1
Dolný Hričov,1,0,0,1
Praha / Olomouc,1,0,0,1
"Praha, Košice",1,0,0,1
Pratteln,0,1,0,1
Pravenec,1,0,0,1
Svidník,1,0,0,1
Svit,1,0,0,1
Szany,0,1,0,1
Stadtallendorf,0,1,0,1
Stará Ľubovňa,1,0,0,1
Steyr,1,0,0,1
Stupava,1,0,0,1
"Stuttgart, Budapest",0,1,0,1
Stuttgart-Vaihingen,0,1,0,1
Slovenská republika,1,0,0,1
Snina,1,0,0,1
Somogy megye,0,0,1,1
Sopron,0,0,1,1
Speyer,0,1,0,1
"Bern, Thun",0,1,0,1
Biatorbágy,0,0,1,1
Biel-Bienne,0,1,0,1
Binningen,0,1,0,1
Beluša,1,0,0,1
Berlin / Regensburg,0,1,0,1
"Berlin, Aschheim bei München",0,1,0,1
Herzogenrath,0,1,0,1
Hackensack,0,1,0,1
Hagen,0,1,0,1
Handlová,1,0,0,1
Košice - okolie,1,0,0,1
Košický kraj,1,0,0,1
Kriens,0,1,0,1
Krivá,1,0,0,1
Kuala Lumpur,0,1,0,1
"Klaus, Austria or Erlangen, Germany",0,0,1,1
Kleinostheim,0,1,0,1
Komárom-Esztergom megye,0,1,0,1
Kostolné Kračany,1,0,0,1
Kapuvár,0,1,0,1
Kežmarok,1,0,0,1
Jászberény,0,1,0,1
"Slovensko, Zahraničie - ostatné",1,0,0,1
Töltéstava,0,1,0,1
Uhersky Brod,1,0,0,1
Ulm,0,1,0,1
Unterschleißheim,0,1,0,1
Trenčianska Teplá,1,0,0,1
Trenčianske Stankovce,1,0,0,1
"Trenčiansky kraj, Česko",1,0,0,1
Tashkent,0,1,0,1
Tatabánya,0,1,0,1
Wels-Linz,1,0,0,1
Vlkanová,1,0,0,1
Valaská,1,0,0,1
Varna,1,0,0,1
Vaďovce,1,0,0,1
Veselí nad Moravou,1,0,0,1
Vevey,0,1,0,1
Bábolna,0,1,0,1
Bács-Kiskun megye,0,1,0,1
Békéscsaba; Budapest; Debrecen; Kaposvár; Kecskemét; Salgótarján; Szeged; Szekszárd; Szombathely; Tatabánya; Veszprém; Zalaegerszeg,0,1,0,1
Böhlerwerk,0,0,1,1
Celé Slovensko,1,0,0,1
Chemnitz,0,1,0,1
Budakalász,0,1,0,1
"Berlin, Regensburg",0,1,0,1
Allschwil,0,1,0,1
Baden-Daettwil,0,1,0,1
Balzers,0,1,0,1
Ajkai,0,0,1,1
Baranya megye,0,1,0,1
"Basingstoke, London, or Bristol",0,1,0,1
Trebatice,1,0,0,1
Aachen,0,1,0,1
"Berlin, Baden-Baden, Verl, Tallinn",0,1,0,1
